,Team,Year,MP,FG,FGA,FG%,3P,3PA,3P%,2P,2PA,2P%,FT,FTA,FT%,ORB,DRB,TRB,AST,STL,BLK,TOV,PF,PTS,Playoff_Wins
0,Utah Jazz,2022,19730,41.7,88.5,0.471,14.9,41.4,0.36,26.7,47.1,0.568,18.4,24.0,0.767,11.1,36.5,47.6,23.0,7.4,5.0,14.4,19.4,116.7,2
1,Atlanta Hawks,2022,19705,42.4,90.3,0.47,13.2,35.2,0.374,29.2,55.1,0.531,18.5,22.8,0.812,10.3,34.7,45.0,25.2,7.3,4.3,12.1,19.1,116.5,1
2,Milwaukee Bucks,2022,19755,41.7,89.1,0.468,14.0,38.3,0.366,27.7,50.8,0.544,17.7,22.9,0.776,10.2,36.3,46.6,23.8,7.6,4.0,13.4,18.2,115.1,7
3,Phoenix Suns,2022,19730,43.7,90.1,0.485,11.6,31.9,0.364,32.1,58.2,0.551,15.9,19.9,0.797,9.8,35.5,45.3,27.4,8.6,4.4,12.9,19.9,114.8,7
4,Memphis Grizzlies,2022,19780,43.2,93.6,0.461,11.4,32.4,0.353,31.8,61.2,0.519,16.8,23.0,0.734,14.0,34.7,48.8,25.8,9.7,6.4,13.1,19.6,114.6,6
5,Denver Nuggets,2022,19805,42.3,87.7,0.483,12.9,36.5,0.353,29.4,51.2,0.575,17.0,21.4,0.795,9.3,35.5,44.8,28.2,7.3,3.8,14.7,20.3,114.5,1
6,Boston Celtics,2022,19905,41.7,89.5,0.466,13.5,38.0,0.356,28.2,51.5,0.547,17.4,21.4,0.816,10.8,36.4,47.2,25.4,7.4,6.0,14.0,19.0,114.4,14
7,Minnesota Timberwolves,2022,19780,41.0,89.7,0.457,14.6,40.7,0.358,26.5,49.0,0.54,17.7,22.8,0.778,11.1,32.5,43.5,25.3,8.7,5.5,14.1,21.5,114.3,2
8,Miami Heat,2022,19855,40.9,87.6,0.467,14.0,37.0,0.379,26.9,50.6,0.531,17.8,22.1,0.808,10.2,35.0,45.2,26.3,7.6,3.3,15.0,21.2,113.7,11
9,Brooklyn Nets,2022,19755,42.2,89.0,0.475,11.5,31.9,0.361,30.7,57.0,0.538,17.6,21.9,0.805,10.4,34.3,44.7,25.4,7.1,5.5,14.1,20.5,113.6,0
10,Philadelphia 76ers,2022,19805,40.7,87.3,0.466,12.0,32.8,0.364,28.7,54.4,0.527,20.2,24.6,0.821,8.8,34.9,43.7,24.5,8.0,5.5,12.9,20.0,113.5,6
11,Chicago Bulls,2022,19730,42.3,88.2,0.48,10.8,29.3,0.369,31.6,58.9,0.535,17.8,21.9,0.813,8.8,34.2,42.9,24.2,7.2,4.2,13.0,19.1,113.2,1
12,Toronto Raptors,2022,19855,41.9,94.3,0.445,12.3,35.3,0.349,29.6,58.9,0.503,16.7,22.0,0.759,13.8,33.0,46.8,22.8,9.3,4.7,12.9,20.2,112.9,2
13,Dallas Mavericks,2022,19755,41.0,88.9,0.461,13.7,39.0,0.35,27.4,49.9,0.548,17.1,22.2,0.771,9.7,35.3,44.9,24.4,7.0,4.1,13.1,20.5,112.8,9
14,Golden State Warriors,2022,19730,41.1,87.6,0.469,14.5,39.9,0.364,26.5,47.6,0.557,15.8,20.6,0.769,9.9,36.2,46.1,27.5,8.9,4.6,15.1,21.3,112.5,16
15,New Orleans Pelicans,2022,19755,41.2,90.1,0.457,10.9,32.8,0.332,30.2,57.3,0.528,18.8,23.8,0.789,12.3,34.1,46.3,25.6,8.5,4.1,14.4,20.1,112.0,2
0,Brooklyn Nets,2021,17405,43.0,87.1,0.494,14.1,36.0,0.392,28.9,51.1,0.565,18.1,22.5,0.804,8.9,35.5,44.3,26.7,6.7,5.3,13.5,19.0,118.3,7
1,Portland Trail Blazers,2021,17305,41.9,92.4,0.453,16.0,41.4,0.385,25.9,51.0,0.509,18.1,22.0,0.823,10.8,34.4,45.2,21.6,7.0,5.1,11.3,19.2,117.8,2
2,Utah Jazz,2021,17355,41.7,89.0,0.468,16.9,43.5,0.389,24.8,45.6,0.544,17.3,21.7,0.799,10.7,38.0,48.8,23.9,6.7,5.2,14.4,18.7,117.6,6
3,Los Angeles Clippers,2021,17280,43.1,89.4,0.482,14.7,35.8,0.411,28.4,53.6,0.529,16.7,19.9,0.839,9.7,35.8,45.5,25.2,7.3,4.2,13.6,19.8,117.6,10
4,Milwaukee Bucks,2021,17330,43.6,89.6,0.487,14.1,36.2,0.389,29.6,53.4,0.554,15.8,20.9,0.76,10.0,36.9,46.9,24.9,7.9,4.5,13.5,16.9,117.2,16
5,Phoenix Suns,2021,17480,44.0,89.8,0.49,13.3,35.2,0.378,30.8,54.6,0.563,15.9,19.0,0.834,8.9,34.8,43.7,27.4,7.3,4.4,12.7,19.4,117.2,14
6,Denver Nuggets,2021,17480,44.0,90.8,0.485,13.1,34.8,0.377,30.9,56.0,0.552,16.0,19.9,0.803,10.7,34.5,45.2,27.3,8.2,4.6,13.7,19.4,117.1,4
7,Atlanta Hawks,2021,17405,41.5,88.8,0.468,12.6,33.9,0.373,28.9,54.8,0.526,20.0,24.7,0.812,10.7,35.7,46.4,24.5,7.1,4.8,13.5,19.7,115.7,10
8,Dallas Mavericks,2021,17305,42.2,89.6,0.47,14.2,39.1,0.362,28.0,50.5,0.554,16.9,21.7,0.778,9.4,35.1,44.5,23.5,6.4,4.4,12.4,19.9,115.4,3
9,Boston Celtics,2021,17380,42.0,90.0,0.466,13.8,36.8,0.374,28.2,53.2,0.53,16.3,21.0,0.775,10.8,34.0,44.8,23.7,7.8,5.4,14.2,20.7,114.0,1
10,Philadelphia 76ers,2021,17430,41.2,86.6,0.476,11.2,30.0,0.374,30.0,56.6,0.531,19.5,25.4,0.767,10.0,34.9,44.9,23.6,9.1,6.2,14.4,20.1,113.2,7
11,Memphis Grizzlies,2021,17405,42.4,90.8,0.467,11.0,31.0,0.356,31.3,59.8,0.525,16.3,21.1,0.771,11.0,34.9,46.0,26.6,9.0,5.0,13.1,18.5,112.0,1
12,Washington Wizards,2021,17405,41.2,86.7,0.475,9.7,27.7,0.351,31.5,59.1,0.533,19.2,25.0,0.769,9.2,33.9,43.1,24.3,7.0,3.9,13.7,20.6,111.2,1
13,Miami Heat,2021,17380,40.4,86.2,0.468,13.3,37.2,0.358,27.0,48.9,0.553,17.2,21.7,0.79,8.3,34.4,42.7,27.1,8.1,4.1,14.5,19.5,111.2,0
14,New York Knicks,2021,17430,40.7,89.3,0.456,12.2,31.0,0.392,28.6,58.3,0.49,17.0,21.6,0.784,10.0,36.7,46.6,22.1,7.3,5.2,13.4,21.1,110.6,1
15,Los Angeles Lakers,2021,17455,40.8,86.4,0.472,11.1,31.3,0.354,29.7,55.0,0.539,17.3,23.4,0.739,9.7,34.7,44.4,24.7,7.8,5.4,15.3,19.2,109.9,2
0,Dallas Mavericks,2020,18175,41.5,90.0,0.461,15.1,41.1,0.367,26.4,48.9,0.541,18.5,23.8,0.779,10.5,36.3,46.8,24.6,6.1,4.8,12.7,19.4,116.7,2
1,Los Angeles Clippers,2020,17380,40.7,87.4,0.466,12.2,32.8,0.371,28.5,54.6,0.522,20.4,25.8,0.791,10.4,36.2,46.7,23.2,6.9,4.6,14.3,21.7,113.9,7
2,Portland Trail Blazers,2020,17835,41.7,90.2,0.463,12.7,33.7,0.377,29.0,56.4,0.514,17.5,21.8,0.804,10.1,34.7,44.8,20.4,6.2,6.0,12.6,21.5,113.7,1
3,Boston Celtics,2020,17430,41.1,89.3,0.461,12.5,34.4,0.364,28.6,54.8,0.522,18.5,23.1,0.801,10.6,35.3,45.9,22.9,8.2,5.6,13.8,21.5,113.3,10
4,Denver Nuggets,2020,17745,42.7,90.4,0.473,11.2,31.1,0.359,31.6,59.2,0.533,16.5,21.3,0.777,10.9,33.9,44.9,27.2,8.2,4.7,14.0,20.7,113.1,9
5,Houston Rockets,2020,17380,39.1,86.7,0.451,15.0,43.4,0.345,24.1,43.3,0.557,19.8,25.0,0.791,9.4,33.1,42.4,20.7,8.3,4.9,14.1,20.8,112.9,5
6,Miami Heat,2020,17745,39.6,84.7,0.468,13.5,35.5,0.379,26.1,49.2,0.532,19.8,25.3,0.783,8.5,36.0,44.5,26.0,7.5,4.6,15.0,20.6,112.5,14
7,Milwaukee Bucks,2020,17595,41.0,86.1,0.476,13.1,36.9,0.355,27.9,49.3,0.567,17.3,23.4,0.742,9.0,40.0,49.0,24.5,6.8,5.6,14.3,18.6,112.4,5
8,Utah Jazz,2020,17355,40.5,85.9,0.471,13.5,35.6,0.38,27.0,50.4,0.535,17.9,23.0,0.779,9.2,36.1,45.3,22.6,6.1,4.1,15.3,20.6,112.3,3
9,Los Angeles Lakers,2020,17090,41.8,87.2,0.48,10.9,31.2,0.349,30.9,56.0,0.552,17.5,24.0,0.729,10.5,34.6,45.2,25.1,8.5,6.5,15.0,20.5,112.0,16
10,Philadelphia 76ers,2020,17595,41.3,88.4,0.468,11.7,31.8,0.368,29.6,56.6,0.524,17.0,22.6,0.755,10.5,35.2,45.7,26.0,8.1,5.4,14.3,21.1,111.3,0
11,Toronto Raptors,2020,17380,39.6,86.6,0.458,13.6,36.4,0.374,26.0,50.2,0.519,18.2,22.9,0.796,9.4,35.3,44.7,24.9,8.7,4.9,14.6,21.3,111.1,7
12,Oklahoma City Thunder,2020,17430,40.1,85.8,0.468,10.7,30.3,0.355,29.4,55.6,0.529,19.8,24.9,0.796,8.3,34.8,43.0,21.8,7.7,4.9,13.7,19.4,110.8,3
13,Indiana Pacers,2020,17620,42.3,88.9,0.476,10.2,28.2,0.363,32.1,60.7,0.529,15.1,19.2,0.787,8.8,34.3,43.0,26.0,7.5,5.2,13.3,19.9,110.0,0
14,Brooklyn Nets,2020,17480,39.4,88.0,0.448,12.7,37.2,0.343,26.6,50.8,0.524,17.5,23.4,0.745,10.4,36.3,46.7,23.8,6.3,4.4,14.9,20.4,108.9,0
15,Orlando Magic,2020,17570,39.8,89.6,0.444,11.2,32.6,0.343,28.6,57.0,0.502,17.8,22.9,0.774,10.4,34.6,45.0,24.2,8.3,5.5,13.0,18.5,108.5,1
0,Golden State Warriors,2019,19805,43.4,88.4,0.491,13.1,33.9,0.385,30.3,54.5,0.557,16.1,20.1,0.801,9.6,35.9,45.5,29.0,7.5,6.3,14.0,21.1,115.9,14
1,Houston Rockets,2019,19830,39.8,88.6,0.449,16.4,46.0,0.356,23.4,42.6,0.551,19.6,24.7,0.791,10.3,32.3,42.7,21.5,8.7,5.0,13.5,22.3,115.5,6
2,Portland Trail Blazers,2019,19855,42.3,90.6,0.467,11.0,30.7,0.359,31.3,59.8,0.523,19.0,23.3,0.814,11.8,36.2,48.0,23.0,6.7,5.0,13.8,20.4,114.7,8
3,Milwaukee Bucks,2019,19780,41.8,87.8,0.476,13.0,36.8,0.353,28.8,50.9,0.565,17.3,22.4,0.773,9.0,39.0,47.9,25.1,7.2,5.7,13.4,18.9,113.8,10
4,Toronto Raptors,2019,19880,41.7,88.1,0.474,12.2,33.4,0.366,29.5,54.7,0.539,17.5,21.7,0.804,9.5,35.2,44.7,25.1,8.2,5.3,13.9,20.8,113.1,16
5,Denver Nuggets,2019,19730,42.8,91.9,0.466,11.2,32.0,0.351,31.6,59.9,0.527,16.1,21.3,0.755,12.1,35.3,47.3,27.9,7.9,4.5,13.7,20.5,113.0,7
6,San Antonio Spurs,2019,19805,42.8,89.4,0.478,10.0,25.5,0.392,32.7,63.8,0.513,17.4,21.2,0.819,9.3,35.9,45.2,24.8,6.2,4.8,12.2,18.3,112.9,3
7,Philadelphia 76ers,2019,19805,40.6,86.2,0.471,10.6,29.5,0.359,30.0,56.7,0.529,20.8,26.9,0.771,10.6,36.1,46.7,26.3,7.2,5.2,14.6,20.8,112.6,7
8,Los Angeles Clippers,2019,19830,40.3,85.4,0.471,9.8,25.2,0.388,30.5,60.2,0.507,22.1,27.8,0.792,9.5,34.9,44.4,23.4,6.7,4.6,14.2,22.8,112.4,2
9,Boston Celtics,2019,19780,42.0,90.4,0.465,12.6,34.4,0.365,29.5,55.9,0.527,15.6,19.5,0.802,9.8,34.7,44.5,26.2,8.6,5.3,12.8,20.3,112.2,5
10,Utah Jazz,2019,19755,40.1,85.8,0.468,12.0,33.8,0.356,28.1,52.0,0.541,18.7,25.3,0.736,9.9,36.1,46.0,25.8,8.0,5.8,15.0,20.9,110.9,1
11,Oklahoma City Thunder,2019,19855,41.1,90.6,0.454,11.0,31.5,0.348,30.1,59.1,0.51,17.2,24.1,0.713,12.1,34.2,46.3,22.5,9.0,5.0,13.5,21.6,110.3,1
12,Indiana Pacers,2019,19705,42.1,88.6,0.475,9.7,25.8,0.374,32.4,62.7,0.517,16.1,21.4,0.752,9.5,34.3,43.8,26.4,8.8,5.0,13.9,19.8,109.9,0
13,Brooklyn Nets,2019,19980,39.3,87.6,0.449,12.5,35.3,0.353,26.8,52.3,0.513,18.5,24.9,0.745,10.7,34.8,45.5,23.3,6.4,4.0,14.7,21.0,109.6,1
14,Detroit Pistons,2019,19855,39.5,89.9,0.44,12.3,35.4,0.348,27.2,54.4,0.5,17.6,23.5,0.747,11.6,34.2,45.8,22.9,7.1,4.1,14.1,22.5,109.0,0
15,Orlando Magic,2019,19780,41.0,90.4,0.454,11.6,32.6,0.356,29.4,57.8,0.509,15.2,19.5,0.782,10.2,35.9,46.1,25.9,6.7,5.5,13.4,18.9,108.9,1
0,Houston Rockets,2018,19755,39.5,86.0,0.46,15.6,43.2,0.362,23.9,42.8,0.558,20.0,25.7,0.781,9.2,35.2,44.4,22.0,8.7,4.9,14.1,19.9,114.7,11
1,Toronto Raptors,2018,19830,42.0,89.1,0.472,12.0,33.6,0.358,30.0,55.5,0.541,17.7,22.2,0.794,9.9,34.9,44.8,24.8,7.8,6.2,13.6,22.2,113.8,4
2,Golden State Warriors,2018,19730,42.9,85.3,0.503,11.3,28.9,0.391,31.5,56.3,0.56,16.6,20.4,0.815,8.4,35.1,43.6,29.3,8.0,7.5,15.5,19.6,113.6,16
3,Minnesota Timberwolves,2018,19805,42.5,89.2,0.476,8.3,23.3,0.357,34.2,65.9,0.519,20.1,25.0,0.804,10.7,32.7,43.4,23.5,8.7,4.4,12.9,18.9,113.4,1
4,Cleveland Cavaliers,2018,19730,41.1,86.3,0.476,12.2,32.7,0.372,28.9,53.6,0.54,18.5,23.7,0.779,8.6,34.3,42.9,23.8,7.2,3.9,14.0,18.9,112.9,12
5,Oklahoma City Thunder,2018,19830,40.9,90.4,0.453,11.0,31.2,0.354,29.9,59.2,0.505,17.8,24.8,0.716,12.8,33.4,46.2,21.9,9.3,5.2,14.4,20.7,110.7,2
6,Milwaukee Bucks,2018,19830,41.0,85.6,0.478,9.0,25.5,0.355,31.9,60.1,0.531,18.8,24.1,0.783,8.7,32.4,41.1,24.0,9.1,5.6,14.3,22.0,109.8,3
7,New Orleans Pelicans,2018,19955,41.9,86.6,0.483,10.0,27.7,0.362,31.9,59.0,0.54,15.8,20.5,0.772,8.5,35.0,43.5,26.3,7.9,5.8,14.6,18.8,109.6,5
8,Indiana Pacers,2018,19755,42.3,89.6,0.472,9.4,25.4,0.369,32.9,64.2,0.513,15.5,19.9,0.779,10.0,34.0,43.9,23.0,9.1,4.3,13.8,19.5,109.5,3
9,Philadelphia 76ers,2018,19780,40.7,86.3,0.472,11.0,29.7,0.369,29.8,56.6,0.526,17.1,22.7,0.752,10.9,36.4,47.3,27.0,8.3,5.1,16.4,22.0,109.5,5
10,Washington Wizards,2018,19855,41.0,87.8,0.467,10.2,27.2,0.375,30.8,60.6,0.508,17.2,22.3,0.772,10.3,33.9,44.2,25.8,8.1,4.4,15.0,21.8,109.3,2
11,Portland Trail Blazers,2018,19755,40.6,89.8,0.452,10.6,29.1,0.366,29.9,60.7,0.493,17.3,21.6,0.8,10.5,36.4,46.9,20.1,7.2,5.3,14.0,20.1,109.1,0
12,Utah Jazz,2018,19755,39.8,86.3,0.462,11.3,30.8,0.366,28.6,55.5,0.515,17.5,22.4,0.779,9.4,35.6,45.0,23.3,9.0,5.3,15.3,20.4,108.4,5
13,San Antonio Spurs,2018,19730,41.0,89.6,0.457,8.9,25.3,0.352,32.1,64.3,0.499,17.0,22.0,0.772,10.9,35.6,46.4,23.9,8.0,5.9,13.8,18.0,107.9,1
14,Boston Celtics,2018,19805,39.6,88.0,0.45,11.8,31.4,0.377,27.8,56.6,0.491,16.5,21.4,0.771,9.7,36.3,46.0,23.2,7.6,4.7,14.5,20.4,107.6,11
15,Miami Heat,2018,19930,40.1,88.1,0.455,11.4,31.6,0.36,28.7,56.6,0.508,15.2,20.2,0.755,9.6,35.3,44.9,23.5,7.8,5.5,14.9,20.8,106.8,1
0,Golden State Warriors,2017,19780,43.0,86.8,0.495,11.9,31.2,0.383,31.0,55.7,0.557,17.7,22.5,0.788,9.4,34.9,44.3,30.3,9.5,6.7,14.7,19.3,115.6,16
1,Houston Rockets,2017,19780,40.1,86.8,0.462,14.3,40.1,0.357,25.8,46.7,0.552,20.2,26.4,0.766,10.8,33.3,44.1,25.1,8.1,4.3,15.0,19.8,114.7,6
2,Cleveland Cavaliers,2017,19880,41.1,87.4,0.47,13.4,34.9,0.384,27.7,52.5,0.528,18.0,24.0,0.748,9.6,35.4,45.0,23.3,6.8,4.1,14.1,18.7,113.6,13
3,Los Angeles Clippers,2017,19755,41.0,86.3,0.475,10.6,28.4,0.375,30.4,57.9,0.525,20.1,26.9,0.745,9.3,35.3,44.6,23.4,7.7,4.4,13.4,20.6,112.7,3
4,Toronto Raptors,2017,19780,41.1,88.6,0.464,9.3,25.6,0.363,31.9,63.1,0.505,20.7,26.0,0.796,11.2,34.3,45.4,19.4,8.7,5.1,13.3,21.9,112.3,4
5,Boston Celtics,2017,19755,39.8,87.6,0.454,12.4,34.4,0.359,27.4,53.2,0.515,19.3,23.9,0.807,9.3,33.9,43.2,26.0,7.7,4.3,13.7,21.2,111.2,9
6,Washington Wizards,2017,19855,42.1,88.6,0.475,9.4,25.2,0.372,32.7,63.4,0.515,17.6,22.5,0.784,10.5,33.2,43.6,24.3,8.6,4.2,14.4,21.7,111.2,7
7,San Antonio Spurs,2017,19805,41.5,88.3,0.469,9.7,24.8,0.391,31.8,63.5,0.5,18.5,23.2,0.797,10.6,35.7,46.3,25.1,8.4,6.2,14.2,19.3,111.1,8
8,Portland Trail Blazers,2017,19930,40.4,87.9,0.459,10.6,28.3,0.375,29.8,59.6,0.499,18.8,24.2,0.78,10.3,34.3,44.6,21.6,7.2,5.1,14.0,21.6,110.3,0
9,Utah Jazz,2017,19755,40.2,86.5,0.466,10.5,28.2,0.372,29.8,58.2,0.511,18.6,24.9,0.747,10.2,36.8,47.0,21.9,7.3,5.4,14.8,20.5,109.6,4
10,Milwaukee Bucks,2017,19780,40.9,86.2,0.474,9.2,25.0,0.37,31.6,61.2,0.516,18.1,23.6,0.768,9.3,33.2,42.5,25.5,8.6,5.6,14.7,21.3,109.1,2
11,Indiana Pacers,2017,19855,40.6,87.4,0.465,8.9,23.8,0.376,31.7,63.6,0.498,18.5,22.8,0.81,9.4,34.1,43.4,23.2,8.4,5.2,14.2,20.1,108.6,0
12,Oklahoma City Thunder,2017,19805,40.1,88.8,0.452,8.6,26.2,0.327,31.5,62.6,0.504,19.5,26.2,0.745,12.4,34.9,47.4,21.3,8.0,5.1,15.2,21.2,108.3,1
13,Memphis Grizzlies,2017,19905,39.0,89.6,0.435,10.0,28.3,0.354,29.0,61.2,0.473,19.7,25.1,0.784,11.6,34.3,45.8,22.8,8.5,4.5,13.8,24.0,107.7,2
14,Chicago Bulls,2017,19780,40.4,90.9,0.444,7.9,23.3,0.34,32.4,67.6,0.479,18.8,23.5,0.798,12.7,35.6,48.3,23.6,8.2,5.0,14.2,18.5,107.4,2
15,Atlanta Hawks,2017,19880,38.7,85.8,0.451,9.0,26.5,0.341,29.7,59.3,0.501,18.4,25.3,0.728,10.4,34.6,45.1,24.0,8.3,4.9,16.0,18.5,104.9,2
0,Golden State Warriors,2016,19880,42.4,87.0,0.487,13.1,31.5,0.416,29.3,55.5,0.528,16.6,21.8,0.763,9.9,36.1,46.0,28.8,8.4,6.1,15.1,20.7,114.5,15
1,Oklahoma City Thunder,2016,19830,42.2,88.6,0.476,8.5,24.3,0.349,33.7,64.3,0.524,20.2,25.9,0.782,13.4,36.5,49.9,23.6,7.5,6.1,16.3,21.2,113.1,11
2,Cleveland Cavaliers,2016,19855,41.1,89.3,0.46,11.4,31.5,0.362,29.7,57.8,0.514,17.3,23.1,0.748,11.3,36.0,47.3,24.1,7.1,4.1,14.4,21.6,110.9,16
3,San Antonio Spurs,2016,19705,42.7,88.3,0.484,7.4,19.7,0.375,35.3,68.6,0.515,17.4,21.7,0.803,10.0,36.8,46.8,26.1,8.8,6.3,13.9,18.6,110.3,6
4,Toronto Raptors,2016,19780,39.3,87.1,0.451,9.2,25.0,0.37,30.0,62.1,0.483,22.2,28.6,0.777,10.9,35.6,46.5,20.1,8.3,5.9,14.0,21.0,110.0,10
5,Portland Trail Blazers,2016,19805,40.0,88.9,0.45,10.9,29.5,0.37,29.1,59.4,0.49,18.0,23.8,0.754,12.0,35.1,47.1,22.1,7.1,4.8,15.1,22.5,108.8,5
6,Houston Rockets,2016,19830,38.4,84.9,0.452,10.9,31.4,0.347,27.5,53.5,0.514,20.7,29.8,0.694,11.5,32.2,43.8,22.6,10.2,5.3,16.2,22.2,108.3,1
7,Los Angeles Clippers,2016,19830,39.7,85.4,0.465,10.1,27.7,0.364,29.6,57.7,0.513,18.8,27.2,0.692,9.1,34.5,43.6,23.7,9.0,5.8,13.4,22.1,108.3,2
8,Charlotte Hornets,2016,19855,38.4,87.5,0.439,11.0,30.5,0.362,27.3,57.0,0.479,19.4,24.5,0.79,9.3,36.3,45.5,22.5,7.5,5.5,13.0,18.8,107.1,3
9,Boston Celtics,2016,19780,39.6,90.2,0.439,8.8,26.4,0.335,30.8,63.8,0.483,18.7,23.8,0.788,11.7,33.7,45.4,24.4,9.3,4.3,13.9,22.1,106.8,2
10,Dallas Mavericks,2016,20005,39.0,87.8,0.444,10.3,29.8,0.344,28.7,58.0,0.495,18.5,23.3,0.794,9.6,35.4,44.9,23.1,7.1,3.9,13.3,20.3,106.7,1
11,Miami Heat,2016,19830,40.7,86.6,0.47,6.4,19.1,0.336,34.3,67.5,0.508,18.2,24.4,0.744,10.4,36.4,46.8,22.1,7.2,6.9,14.9,19.4,106.1,7
12,Detroit Pistons,2016,19880,39.5,90.0,0.439,9.4,27.3,0.345,30.1,62.7,0.48,17.8,26.6,0.668,13.0,35.3,48.2,20.2,7.3,3.9,14.1,19.8,106.1,0
13,Memphis Grizzlies,2016,19830,39.2,89.0,0.44,6.5,19.7,0.331,32.6,69.3,0.471,20.6,26.3,0.783,11.9,32.4,44.3,22.0,9.4,4.5,14.1,23.1,105.4,0
14,Atlanta Hawks,2016,19830,39.5,86.3,0.458,10.2,29.0,0.35,29.3,57.3,0.512,16.0,20.4,0.783,8.5,34.5,43.0,26.2,9.3,6.1,15.3,19.6,105.1,4
15,Indiana Pacers,2016,19880,39.3,87.3,0.45,8.3,23.6,0.351,31.0,63.7,0.486,17.9,23.4,0.764,10.6,34.7,45.3,21.7,9.3,4.9,15.2,20.5,104.6,3
0,Los Angeles Clippers,2015,19730,41.5,87.7,0.473,10.6,28.3,0.376,30.8,59.4,0.519,18.9,26.5,0.71,10.1,34.8,44.9,26.1,8.2,5.3,13.0,22.5,112.4,7
1,Golden State Warriors,2015,19730,42.2,88.3,0.478,10.9,27.4,0.398,31.3,60.9,0.514,16.3,21.2,0.768,10.6,34.8,45.4,27.8,9.4,6.1,14.7,20.2,111.6,16
2,Cleveland Cavaliers,2015,19780,40.6,88.6,0.458,10.9,29.6,0.367,29.7,58.9,0.504,19.1,25.4,0.751,12.0,34.3,46.3,23.8,7.9,4.5,15.4,19.8,111.1,14
3,Toronto Raptors,2015,19855,40.5,88.9,0.455,9.5,26.8,0.352,31.0,62.1,0.499,20.6,26.2,0.787,11.5,32.9,44.4,22.1,8.0,4.6,13.8,22.3,111.0,0
4,Dallas Mavericks,2015,19880,41.3,89.3,0.463,9.3,26.4,0.352,32.0,62.8,0.509,17.6,23.4,0.752,10.9,33.1,44.0,23.4,8.4,4.7,13.5,20.9,109.5,1
5,Atlanta Hawks,2015,19730,40.4,86.7,0.466,10.6,27.9,0.38,29.8,58.9,0.506,17.5,22.5,0.778,9.3,33.8,43.1,27.3,9.6,4.9,15.1,18.9,108.9,8
6,San Antonio Spurs,2015,19955,41.1,87.9,0.468,8.7,23.7,0.367,32.5,64.2,0.505,17.5,22.5,0.78,10.3,35.6,45.9,25.7,8.4,5.7,14.7,20.1,108.5,3
7,New Orleans Pelicans,2015,19780,41.3,90.2,0.457,7.8,21.0,0.37,33.5,69.2,0.484,17.9,23.8,0.751,12.5,34.8,47.3,24.0,7.3,6.8,14.4,20.3,108.2,0
8,Portland Trail Blazers,2015,19855,40.7,90.4,0.45,10.4,28.6,0.362,30.4,61.8,0.491,16.3,20.4,0.801,11.3,37.0,48.2,23.1,6.7,4.8,14.3,19.2,108.2,1
9,Chicago Bulls,2015,19880,39.0,88.4,0.442,8.4,23.7,0.353,30.7,64.7,0.474,21.1,26.9,0.783,12.5,36.3,48.8,23.2,6.7,6.2,14.9,19.5,107.5,6
10,Houston Rockets,2015,19805,38.1,85.8,0.444,11.7,33.6,0.348,26.3,52.1,0.506,19.1,26.8,0.715,12.0,32.9,45.0,22.8,9.8,5.1,17.1,22.6,107.0,9
11,Memphis Grizzlies,2015,19905,40.6,88.7,0.458,5.5,16.3,0.339,35.1,72.3,0.485,18.9,24.5,0.773,11.2,34.5,45.8,23.3,9.2,4.5,14.3,20.5,105.7,6
12,Boston Celtics,2015,19880,40.2,90.8,0.443,8.3,25.5,0.327,31.9,65.4,0.488,15.9,21.1,0.754,11.5,33.8,45.3,25.3,8.5,3.7,14.3,21.9,104.7,0
13,Brooklyn Nets,2015,19930,39.9,88.4,0.451,7.0,21.2,0.331,32.8,67.2,0.489,17.6,23.6,0.748,11.0,34.1,45.1,22.3,7.5,4.4,14.7,20.5,104.4,2
14,Washington Wizards,2015,19955,40.3,87.2,0.462,6.4,17.7,0.36,33.9,69.4,0.488,16.8,22.6,0.742,11.1,36.0,47.0,25.3,7.7,4.9,15.8,21.9,103.7,6
15,Milwaukee Bucks,2015,19930,39.5,86.0,0.459,7.0,19.2,0.363,32.5,66.8,0.486,16.8,22.2,0.757,11.2,32.9,44.2,24.7,10.1,5.2,17.6,23.2,102.7,2
0,Los Angeles Clippers,2014,19755,40.6,85.6,0.474,8.8,24.9,0.352,31.8,60.7,0.525,22.0,30.2,0.73,10.9,33.8,44.6,25.5,8.9,5.0,14.4,22.4,112.1,6
1,Portland Trail Blazers,2014,19855,40.9,90.9,0.45,9.8,26.4,0.372,31.1,64.5,0.481,20.0,24.5,0.815,13.0,35.5,48.5,24.3,5.8,4.9,14.3,20.1,111.5,5
2,Dallas Mavericks,2014,19830,42.0,88.7,0.474,9.3,24.3,0.384,32.7,64.4,0.508,17.8,22.4,0.795,10.9,32.5,43.4,25.0,9.1,4.6,14.4,21.2,111.2,3
3,Houston Rockets,2014,19830,39.2,83.0,0.472,9.8,27.4,0.358,29.4,55.6,0.529,22.8,32.0,0.712,11.6,35.1,46.7,22.1,7.8,5.8,16.6,21.1,111.0,2
4,Miami Heat,2014,19880,41.6,83.0,0.501,8.8,24.2,0.364,32.8,58.8,0.558,18.9,24.9,0.76,8.3,31.7,40.0,24.4,9.7,4.9,16.0,21.1,110.9,13
5,San Antonio Spurs,2014,19755,42.5,87.5,0.486,8.9,22.5,0.397,33.6,65.1,0.517,16.5,21.0,0.785,9.7,35.6,45.4,26.4,7.7,5.4,15.1,19.1,110.5,16
6,Oklahoma City Thunder,2014,19805,40.6,86.1,0.471,8.4,23.3,0.361,32.1,62.8,0.512,21.0,26.1,0.806,11.3,35.3,46.6,22.8,8.6,6.4,15.9,23.6,110.5,10
7,Toronto Raptors,2014,19955,39.2,88.0,0.445,9.3,25.1,0.372,29.8,62.9,0.475,21.1,26.9,0.782,12.2,33.4,45.7,22.7,7.6,4.5,15.2,24.6,108.8,3
8,Golden State Warriors,2014,19830,40.7,88.1,0.462,9.7,25.6,0.38,31.0,62.5,0.496,16.4,21.8,0.753,11.3,35.5,46.7,24.0,8.1,5.1,15.7,22.4,107.5,3
9,Brooklyn Nets,2014,19880,38.7,84.4,0.459,9.4,25.4,0.369,29.3,59.0,0.497,19.9,26.4,0.753,9.5,31.8,41.3,22.6,9.3,4.1,15.7,23.5,106.7,5
10,Memphis Grizzlies,2014,19805,42.1,90.7,0.464,5.5,15.5,0.353,36.6,75.2,0.487,16.7,22.5,0.741,12.8,34.1,46.9,24.2,8.5,5.1,15.2,21.1,106.3,3
11,Washington Wizards,2014,20055,40.8,88.8,0.459,8.3,21.9,0.38,32.5,67.0,0.485,16.1,22.0,0.731,11.4,33.0,44.4,24.5,8.6,4.8,15.5,21.5,106.0,6
12,Atlanta Hawks,2014,19830,39.1,85.5,0.458,9.8,27.1,0.363,29.3,58.5,0.502,17.8,22.8,0.781,9.1,32.8,41.9,26.1,8.7,4.2,16.0,20.2,105.9,3
13,Indiana Pacers,2014,19780,38.7,86.2,0.449,7.2,20.2,0.357,31.5,66.0,0.477,19.5,25.0,0.779,10.9,37.1,48.1,21.7,7.2,5.9,16.2,22.0,104.1,10
14,Chicago Bulls,2014,19930,38.0,87.8,0.432,6.8,19.5,0.348,31.2,68.3,0.456,19.8,25.5,0.779,12.5,35.8,48.3,24.8,7.9,5.7,16.3,20.9,102.5,1
0,Oklahoma City Thunder,2013,19830,40.5,84.3,0.481,7.8,20.6,0.377,32.8,63.7,0.514,23.6,28.5,0.828,11.1,35.3,46.4,22.7,8.8,8.1,16.2,21.4,112.4,5
1,Miami Heat,2013,19880,41.9,84.5,0.496,9.5,24.1,0.396,32.4,60.4,0.536,18.9,25.1,0.754,9.0,33.2,42.2,25.2,9.5,5.9,15.2,20.4,112.3,16
2,New York Knicks,2013,19730,40.6,90.6,0.448,12.1,32.1,0.376,28.5,58.5,0.487,17.8,23.4,0.759,12.1,33.0,45.1,21.4,9.1,4.0,13.4,22.4,111.1,6
3,Los Angeles Clippers,2013,19730,42.2,88.2,0.478,8.4,23.4,0.358,33.8,64.8,0.522,17.9,25.2,0.711,12.5,33.0,45.6,26.1,10.5,6.2,16.0,22.9,110.6,2
4,Denver Nuggets,2013,19905,42.3,88.6,0.478,6.6,19.3,0.343,35.7,69.3,0.516,19.1,27.2,0.701,13.8,33.0,46.8,25.4,9.7,6.8,15.9,21.3,110.4,2
5,Houston Rockets,2013,19780,39.4,85.6,0.461,10.9,29.9,0.366,28.5,55.7,0.511,19.9,26.3,0.754,11.5,33.5,45.0,24.0,8.6,4.5,17.0,21.0,109.7,2
6,San Antonio Spurs,2013,19880,41.1,85.6,0.481,8.5,22.6,0.376,32.6,62.9,0.519,17.5,22.1,0.791,8.5,34.9,43.4,26.4,8.9,5.7,15.5,18.3,108.3,15
7,Brooklyn Nets,2013,19855,40.1,89.1,0.45,8.6,24.0,0.357,31.5,65.1,0.484,19.5,26.7,0.731,14.3,33.5,47.8,22.7,8.2,5.3,16.4,20.4,108.2,3
8,Los Angeles Lakers,2013,19755,39.1,85.4,0.458,9.2,25.9,0.355,29.9,59.5,0.503,20.4,29.4,0.692,12.1,35.1,47.3,23.4,7.4,5.5,15.8,18.9,107.8,0
9,Golden State Warriors,2013,19805,40.2,87.7,0.458,8.4,20.9,0.403,31.7,66.8,0.475,17.7,22.4,0.79,11.4,35.9,47.3,23.7,7.3,4.4,15.9,22.5,106.4,6
10,Memphis Grizzlies,2013,19805,40.6,91.5,0.444,5.2,15.2,0.345,35.4,76.4,0.463,18.5,23.9,0.773,14.5,33.5,48.0,23.5,9.6,6.0,15.7,22.7,104.9,8
11,Atlanta Hawks,2013,19855,40.2,86.7,0.464,9.2,24.8,0.371,31.0,61.9,0.501,15.1,21.1,0.715,9.9,33.8,43.7,26.2,8.7,4.8,15.9,19.2,104.8,2
12,Indiana Pacers,2013,19590,38.7,88.6,0.436,7.5,21.7,0.347,31.1,66.9,0.465,19.4,26.0,0.746,14.2,36.3,50.5,22.3,7.9,7.0,16.7,22.1,104.3,11
13,Milwaukee Bucks,2013,19830,40.0,92.0,0.435,7.7,21.3,0.36,32.3,70.6,0.457,16.0,21.7,0.736,13.7,32.4,46.1,24.0,8.8,7.0,14.8,19.9,103.6,0
14,Chicago Bulls,2013,19830,39.6,90.7,0.437,6.0,17.1,0.353,33.6,73.6,0.456,18.2,23.5,0.773,13.9,34.1,48.0,25.5,8.0,5.6,15.9,21.9,103.5,5
15,Boston Celtics,2013,19840,39.6,85.2,0.465,6.6,18.3,0.358,33.0,66.8,0.494,17.4,22.4,0.776,8.6,33.4,42.0,24.3,8.8,4.8,15.6,22.6,103.1,2
