,Player,Salary 2022/23,MP,FG,FGA,2P,2PA,FT,FTA,AST,TOV,PTS,WS,VORP
0,Precious Achiuwa,2840160,18.3,2.6,6.9,2.3,4.7,1.9,2.3,1.3,1.1,7.5,0.2,-0.1
1,Steven Adams,17926829,26.8,3.5,6.2,3.5,6.1,0.9,2.7,2.2,1.9,8.0,2.6,0.5
2,Bam Adebayo,30351780,35.4,8.6,15.8,8.6,15.6,4.5,5.5,3.2,2.9,21.8,3.6,1.0
3,Ochai Agbaji,3918360,9.1,1.5,2.9,0.8,1.3,0.3,0.5,0.2,0.1,3.8,0.3,-0.1
4,Santi Aldama,2094120,22.9,3.3,7.0,2.0,3.5,1.4,2.0,1.3,0.6,9.3,2.6,0.7
5,Nickeil Alexander-Walker,5009633,15.4,2.4,5.1,1.3,2.4,0.7,1.1,2.2,1.3,6.7,0.7,0.2
6,Grayson Allen,8500000,27.4,3.3,7.7,1.5,3.0,1.9,2.1,2.6,1.1,10.3,2.6,0.6
7,Jarrett Allen,20000000,33.7,5.4,8.8,5.4,8.7,2.8,3.9,1.4,1.5,13.6,4.3,1.0
8,Jose Alvarado,1563518,20.9,3.3,8.0,1.9,3.8,1.1,1.4,3.1,1.4,9.2,1.4,0.3
9,Kyle Anderson,8780488,25.2,2.8,5.9,2.3,4.5,1.7,2.1,3.7,1.4,7.9,1.7,0.6
10,Giannis Antetokounmpo,42492492,33.6,11.3,21.3,10.6,18.3,8.7,13.2,5.2,4.1,32.0,4.3,2.7
11,Thanasis Antetokounmpo,1878720,4.4,0.2,0.7,0.2,0.5,0.2,0.3,0.2,0.4,0.5,-0.1,-0.2
12,Cole Anthony,3613680,26.4,4.3,10.0,3.0,6.1,2.5,2.8,4.4,1.7,12.3,1.2,0.3
13,OG Anunoby,17357143,37.2,6.9,14.7,5.1,9.5,2.8,3.4,2.1,2.3,18.3,2.3,0.8
14,Ryan Arcidiacono,2298385,2.5,0.1,0.5,0.0,0.2,0.0,0.0,0.2,0.1,0.3,0.0,0.0
15,Deni Avdija,4916160,25.9,3.0,6.9,2.1,3.9,1.4,1.8,2.7,1.6,8.3,1.2,0.0
16,Deandre Ayton,30913750,29.5,7.7,12.8,7.5,12.3,2.0,2.8,1.9,2.2,17.6,3.2,0.8
17,Udoka Azubuike,2174880,4.2,0.8,0.9,0.8,0.9,0.1,0.4,0.3,0.2,1.7,0.3,0.1
18,Marvin Bagley III,12500000,21.3,4.3,8.0,4.0,6.7,1.6,2.1,0.6,0.9,10.6,1.2,0.2
19,Patrick Baldwin Jr,2226000,8.8,1.8,4.3,0.4,0.9,0.2,0.3,0.2,0.5,5.4,0.2,0.1
20,LaMelo Ball,8623920,34.7,8.4,20.5,4.1,9.1,2.5,2.9,8.3,3.0,23.7,1.2,0.8
21,Mo Bamba,10300000,18.5,2.9,5.8,1.8,3.0,1.0,1.5,1.1,0.6,7.9,1.8,0.5
22,Paolo Banchero,11055120,34.2,7.1,16.1,5.7,11.9,6.0,7.8,3.9,2.9,21.4,1.6,0.5
23,Desmond Bane,2130240,31.2,7.2,16.6,4.2,8.8,4.2,4.6,3.7,2.0,21.6,1.8,0.7
24,Dalano Banton,1563518,10.1,2.0,4.7,1.4,2.8,0.6,0.8,1.2,0.6,5.2,0.4,0.2
25,Dominick Barlow,508891,6.5,0.8,1.8,0.8,1.0,1.0,1.0,0.8,0.0,2.5,0.1,0.0
26,Harrison Barnes,18352273,31.8,4.3,9.4,3.0,5.2,4.1,5.0,1.7,1.3,14.1,2.7,0.3
27,Scottie Barnes,7644600,34.1,5.9,13.3,5.0,10.1,1.9,2.6,4.7,2.2,14.7,1.5,0.5
28,RJ Barrett,10900634,34.1,6.9,16.1,5.1,10.8,4.2,5.5,3.0,2.4,19.7,1.4,0.0
29,Charles Bassey,566085,13.6,2.0,2.9,1.9,2.7,0.7,1.0,1.2,1.2,4.7,0.8,0.1
30,Keita Bates-Diop,1878720,17.9,2.9,5.6,2.4,4.3,1.2,1.4,0.8,0.8,7.4,0.7,0.0
31,Nicolas Batum,19700319,21.2,2.2,4.9,0.6,1.1,0.4,0.7,1.3,0.7,6.3,2.0,0.6
32,Darius Bazley,4264628,16.2,2.1,4.8,1.6,3.4,0.9,1.9,0.9,0.7,5.6,0.5,0.0
33,Bradley Beal,43279250,33.6,8.6,16.4,7.1,12.0,4.1,4.8,5.2,2.8,22.9,2.2,1.0
34,Malik Beasley,15558035,26.5,5.1,12.4,1.9,3.9,0.7,0.9,1.6,1.0,14.0,1.4,0.4
35,MarJon Beauchamp,2485200,15.6,2.3,5.5,1.2,2.4,0.6,0.9,0.6,1.1,6.3,0.3,-0.3
36,Davis Bertans,16000000,9.8,1.3,3.4,0.3,0.5,0.5,0.6,0.3,0.3,4.2,0.2,-0.1
37,Patrick Beverley,13000000,27.0,2.1,5.2,0.9,1.9,0.8,0.9,2.6,1.0,6.0,1.0,0.0
38,Saddiq Bey,2959080,28.1,4.4,11.1,2.6,5.7,3.2,3.8,1.5,1.1,13.7,1.2,0.2
39,Khem Birch,6667500,8.1,1.0,1.6,0.9,1.5,0.2,0.3,0.4,0.4,2.2,0.2,-0.1
40,Goga Bitadze,4765339,9.7,1.4,2.6,1.2,1.9,0.5,1.0,0.9,0.6,3.4,0.4,0.1
41,Bismack Biyombo,2905851,13.6,1.5,2.7,1.5,2.7,0.4,1.3,0.8,1.0,3.5,0.5,0.0
42,Buddy Boeheim,508891,1.0,0.0,0.0,0.0,0.0,0.0,0.0,0.0,0.0,0.0,0.0,0.0
43,Bogdan Bogdanovic,18000000,31.1,6.3,14.1,3.1,6.0,1.3,1.5,2.4,1.4,17.1,0.8,0.3
44,Bojan Bogdanovic,19550000,31.1,7.0,14.4,4.6,8.6,4.6,5.2,2.7,2.3,21.0,2.7,1.0
45,Bol Bol,2200000,26.1,4.9,8.4,4.2,6.6,1.4,1.9,0.9,1.9,12.0,2.0,0.6
46,Leandro Bolmaro,2471160,5.8,0.3,1.6,0.3,1.3,0.0,0.0,0.6,0.7,0.6,-0.3,-0.2
47,Devin Booker,33833400,34.6,9.8,20.4,7.4,14.2,5.3,6.2,5.6,2.4,27.1,3.3,1.5
48,Brandon Boston Jr,1563518,9.7,1.7,4.7,1.1,3.3,1.3,1.7,0.9,0.3,5.4,0.2,0.0
49,Chris Boucher,12690000,21.4,3.4,7.5,2.7,4.8,2.2,2.9,0.4,0.6,9.8,2.0,0.1
50,James Bouknight,4362240,13.9,1.6,4.8,1.0,2.3,0.6,0.9,1.1,0.7,4.4,-0.3,-0.4
51,Tony Bradley,2036318,2.8,0.4,0.8,0.2,0.3,0.2,0.2,0.1,0.1,1.3,0.1,0.0
52,Malaki Branham,2925600,19.2,2.7,6.4,1.8,3.3,0.7,0.9,1.7,1.0,7.0,-0.1,-0.4
53,Christian Braun,2808600,14.1,1.4,3.1,1.1,2.0,0.3,0.6,0.5,0.4,3.4,0.3,-0.3
54,Mikal Bridges,20100000,36.2,5.6,12.5,3.8,7.9,2.4,2.7,3.2,1.3,15.4,3.3,1.0
55,Oshae Brissett,1846738,15.7,1.8,4.3,0.9,1.9,1.4,2.1,0.5,0.5,5.9,0.9,0.1
56,Malcolm Brogdon,22600000,23.6,4.6,9.7,2.8,5.6,2.5,2.9,3.9,1.6,13.5,2.6,0.9
57,Dillon Brooks,11400000,30.7,6.4,15.6,4.2,9.2,2.2,2.7,2.8,1.8,17.1,1.2,-0.2
58,Bruce Brown,6479000,29.0,4.4,8.8,3.0,5.5,1.0,1.2,3.9,1.6,11.1,2.2,0.6
59,Greg Brown III,1563518,6.5,0.8,1.9,0.7,1.4,0.5,1.1,0.0,0.5,2.2,0.0,-0.1
60,Jaylen Brown,28741071,35.4,10.1,20.4,7.6,12.9,4.2,5.4,3.3,3.1,27.0,3.0,1.2
61,Kendall Brown,508891,6.7,0.7,1.2,0.7,1.0,0.2,0.3,0.5,0.3,1.5,0.1,0.0
62,Moses Brown,508891,7.6,1.6,2.6,1.6,2.6,1.0,2.2,0.1,0.3,4.3,0.9,0.1
63,Sterling Brown,3000000,2.5,0.0,0.5,0.0,0.0,0.0,0.0,0.5,0.0,0.0,0.0,0.0
64,Troy Brown Jr,1968175,22.4,2.5,5.6,1.4,2.6,0.5,0.5,0.7,0.8,6.5,0.9,0.0
65,Jalen Brunson,27733332,33.0,7.6,16.2,6.0,12.0,4.1,4.9,6.6,2.2,20.9,3.9,1.4
66,Thomas Bryant,1968175,21.9,5.2,7.6,4.7,6.4,2.0,2.7,0.9,0.9,12.9,2.6,0.7
67,Reggie Bullock,10012800,28.8,1.7,5.0,0.4,0.8,0.4,0.6,1.1,0.4,5.1,0.8,-0.4
68,Alec Burks,10012800,22.0,4.3,9.3,2.3,4.8,3.5,4.4,2.1,1.1,14.0,1.9,0.7
69,Jimmy Butler,37653300,34.7,7.2,13.9,6.5,11.8,6.3,7.6,5.7,1.7,21.4,4.6,2.2
70,John Butler,503041,3.8,0.3,0.8,0.3,0.3,0.0,0.0,0.3,0.0,0.5,0.0,0.0
71,Jamal Cain,508891,10.5,1.7,3.1,1.6,2.5,0.5,0.9,0.5,0.2,4.0,0.3,0.0
72,Kentavious Caldwell-Pope,14004703,31.4,4.0,8.5,1.9,4.1,1.2,1.5,2.3,1.2,11.4,2.2,0.2
73,Facundo Campazzo,464299,6.5,0.4,1.6,0.0,0.3,0.1,0.3,1.1,0.4,1.3,0.0,0.0
74,Vlatko Cancar,2234359,13.3,2.0,3.7,1.0,1.7,0.4,0.4,1.1,0.7,5.3,0.9,0.2
75,Clint Capela,18706896,27.5,5.4,8.6,5.4,8.6,1.1,1.9,0.7,1.0,12.0,3.0,0.7
76,Vernon Carey Jr,1782621,2.1,0.1,0.4,0.1,0.4,0.0,0.0,0.1,0.3,0.3,0.0,0.0
77,Jevon Carter,6025000,25.2,2.8,6.9,1.4,3.3,0.5,0.6,3.0,1.4,7.4,1.5,0.2
78,Wendell Carter Jr,14150000,30.8,5.7,10.8,4.5,7.3,3.3,4.2,2.9,2.3,15.8,1.7,0.4
79,Alex Caruso,9030000,24.1,1.8,4.0,0.9,1.9,0.9,1.2,3.4,1.3,5.2,1.5,0.6
80,Julian Champagnie,508891,3.5,0.0,1.0,0.0,0.5,0.0,0.0,0.0,0.0,0.0,0.0,0.0
81,Justin Champagnie,825000,3.7,1.0,1.0,1.0,1.0,0.0,0.0,0.3,0.0,2.0,0.1,0.0
82,Kennedy Chandler,1200000,9.8,1.3,3.1,1.2,2.4,0.3,0.6,2.1,0.8,2.9,0.1,0.0
83,Max Christie,1017781,13.0,1.0,2.8,0.3,1.1,0.2,0.3,0.6,0.4,3.0,0.2,-0.1
84,Josh Christopher,2372160,6.6,1.1,2.6,1.0,1.9,0.3,0.4,0.6,0.5,2.6,-0.1,-0.2
85,Brandon Clarke,4343919,19.5,4.1,6.3,4.1,6.1,1.9,2.5,1.1,1.1,10.1,2.8,0.7
86,Jordan Clarkson,13340000,32.6,7.4,16.5,4.7,8.9,3.1,3.8,4.5,2.8,20.5,1.8,0.4
87,Nic Claxton,8500000,28.3,5.3,7.2,5.3,7.2,1.2,2.6,1.5,1.2,11.8,4.4,1.3
88,Amir Coffey,3395062,14.3,1.2,3.2,0.9,2.3,1.1,1.4,1.3,0.5,3.8,0.5,-0.3
89,John Collins,23500000,31.2,5.1,10.4,4.4,7.1,2.3,2.8,1.3,1.3,13.3,2.0,0.3
90,Zach Collins,7350000,20.9,3.7,6.5,3.1,4.9,1.6,2.3,2.5,2.0,9.5,1.0,0.1
91,Mike Conley,22680000,29.3,3.4,8.8,1.5,3.8,1.5,2.0,7.6,1.6,10.1,1.9,0.3
92,Pat Connaughton,5728393,21.9,2.6,7.3,0.8,1.7,0.5,0.7,1.0,0.5,7.3,0.5,-0.1
93,Robert Covington,12307692,16.0,1.9,5.0,1.0,1.9,1.0,1.2,1.2,0.7,5.6,0.6,0.2
94,Torrey Craig,5121951,25.2,3.2,6.8,1.9,3.3,0.6,0.7,1.5,0.7,8.4,2.5,0.6
95,Jarrett Culver,508891,13.7,1.7,4.3,1.6,3.1,0.9,1.3,0.6,0.7,4.4,0.1,-0.1
96,Cade Cunningham,10552800,33.3,7.8,18.7,6.3,13.6,3.0,3.6,6.0,3.3,19.9,-0.1,0.1
97,Seth Curry,8496653,21.1,3.3,7.4,1.5,3.3,0.7,0.7,2.2,0.9,9.0,0.9,0.0
98,Stephen Curry,48070014,34.4,10.1,20.2,5.0,8.5,4.8,5.2,6.8,3.1,30.0,4.1,2.6
99,Dyson Daniels,5508600,18.6,1.6,3.7,1.1,2.2,0.5,0.8,2.2,0.8,4.3,1.0,0.2
100,Anthony Davis,37980720,33.4,10.2,17.2,9.8,15.9,6.6,8.0,2.6,1.9,27.4,4.9,2.2
101,Johnny Davis,4810320,5.0,0.4,1.3,0.4,1.0,0.3,0.3,0.2,0.1,1.1,0.0,-0.1
102,Terence Davis,4000000,12.6,2.3,5.4,1.0,1.8,0.5,0.6,1.2,0.8,6.3,0.6,0.2
103,JD Davison,508891,2.7,0.3,1.3,0.3,0.7,0.0,0.0,0.3,0.3,0.7,0.0,0.0
104,Dewayne Dedmon,7448674,11.9,2.3,4.5,1.9,3.2,1.1,1.5,0.5,0.7,6.0,0.9,0.0
105,Matthew Dellavedova,2628597,6.3,0.4,1.4,0.3,0.8,0.1,0.2,1.3,0.4,1.1,0.0,-0.1
106,DeMar DeRozan,27300000,36.4,9.4,18.6,9.0,17.1,7.3,8.2,5.0,2.0,26.4,5.0,1.5
107,Moussa Diabate,508891,11.3,1.6,3.0,1.6,3.0,0.9,1.1,0.3,0.6,4.1,0.3,0.0
108,Mamadi Diakite,508891,7.2,0.8,1.8,0.5,0.8,0.0,0.0,0.2,0.4,2.0,0.1,0.0
109,Hamidou Diallo,5200000,15.1,2.7,5.1,2.6,4.6,1.4,2.5,0.9,0.9,7.0,0.6,0.0
110,Gorgui Dieng,2905851,11.6,1.5,3.7,0.8,1.2,0.2,0.3,2.0,0.9,4.1,0.2,0.0
111,Ousmane Dieng,4569840,15.7,1.8,4.2,1.1,1.8,0.1,0.3,1.4,0.5,4.4,0.2,0.0
112,Spencer Dinwiddie,20171427,33.1,5.6,12.2,3.1,5.9,2.4,2.8,5.1,1.5,16.1,3.5,0.9
113,Donte DiVincenzo,4500000,24.0,2.5,6.4,0.8,1.9,0.7,0.8,3.0,1.4,7.4,1.2,0.3
114,Luka Doncic,37096500,36.9,11.4,22.8,8.5,14.7,8.4,11.3,8.7,3.7,34.0,7.3,4.4
115,Tyler Dorsey,201802,2.7,1.3,1.7,1.0,1.0,0.0,0.0,0.0,0.0,3.0,0.1,0.0
116,Luguentz Dort,15277778,30.1,4.8,11.7,3.0,6.5,2.7,3.5,2.3,1.5,14.2,1.6,-0.1
117,Ayo Dosunmu,1563518,27.4,3.9,7.8,3.0,5.1,1.0,1.2,2.6,1.3,9.8,1.4,-0.1
118,Devon Dotson,412377,8.8,0.2,1.7,0.0,1.0,0.0,0.0,1.3,0.5,0.5,0.0,0.0
119,Jeff Dowtin,508891,7.2,1.0,1.9,0.9,1.6,0.3,0.3,0.9,0.2,2.3,0.2,0.1
120,Goran Dragic,2905851,16.6,2.9,6.7,1.9,3.9,0.6,1.0,2.9,1.1,7.6,0.4,-0.1
121,Andre Drummond,3200000,13.7,2.7,4.5,2.7,4.4,0.9,1.7,0.7,1.1,6.4,1.4,0.1
122,Chris Duarte,3936960,17.0,2.2,6.7,1.3,3.3,1.1,1.3,1.2,0.9,6.5,-0.4,-0.4
123,David Duke Jr,508891,9.0,1.4,3.1,1.4,2.6,0.3,0.6,0.9,0.9,3.0,-0.2,-0.3
124,Kevin Durant,44119845,36.1,10.7,19.0,8.8,14.1,6.9,7.3,5.4,3.5,30.0,6.4,3.2
125,Jalen Duren,4124280,24.4,3.3,5.2,3.3,5.2,1.1,1.9,1.0,1.2,7.7,2.3,0.1
126,Tari Eason,3359160,18.8,3.1,7.2,2.3,5.1,1.2,1.5,0.9,1.0,8.1,1.3,0.2
127,Anthony Edwards,10733400,36.5,8.5,18.6,6.0,11.5,4.1,5.6,4.4,3.2,23.7,2.2,0.9
128,Kessler Edwards,1637966,5.7,0.5,1.7,0.3,0.8,0.1,0.2,0.2,0.3,1.2,-0.1,-0.1
129,Keon Ellis,508891,3.0,0.0,0.3,0.0,0.0,0.0,0.0,0.3,0.0,0.0,0.0,0.0
130,Joel Embiid,33616770,35.5,11.3,21.1,10.2,18.0,9.9,11.6,4.6,3.9,33.5,5.0,2.7
131,Drew Eubanks,1968175,18.6,2.5,3.4,2.4,3.3,0.9,1.3,1.0,0.8,5.9,2.3,0.5
132,Bruno Fernando,2717391,11.0,1.4,2.6,1.4,2.5,0.9,1.4,0.9,0.5,3.7,0.6,0.1
133,Dorian Finney-Smith,12402000,31.6,3.0,7.5,1.1,2.1,0.5,0.8,1.2,0.9,8.4,1.1,0.1
134,Malachi Flynn,2145720,15.0,2.1,5.5,0.9,2.5,0.4,0.6,1.4,0.6,5.9,0.4,-0.1
135,Simone Fontecchio,3205128,9.0,1.3,3.4,0.4,1.0,0.4,0.7,0.4,0.5,3.9,0.1,-0.1
136,Bryn Forbes,2298385,10.6,1.1,3.3,0.7,1.6,0.6,0.6,0.6,0.4,3.2,-0.1,-0.3
137,Trent Forrest,508891,14.1,1.5,3.1,1.5,2.9,0.1,0.2,1.9,0.5,3.1,0.2,-0.1
138,Michael Foster Jr,106288,1.0,0.0,0.0,0.0,0.0,0.0,0.0,0.0,0.0,0.0,0.0,0.0
139,Evan Fournier,18000000,18.6,2.3,6.6,1.0,2.4,0.9,1.1,1.4,0.9,6.9,0.2,-0.1
140,De'Aaron Fox,30351780,33.2,8.9,17.7,7.3,12.8,4.7,5.9,5.9,2.7,24.2,3.2,1.2
141,Markelle Fultz,16500000,27.3,4.8,10.5,4.4,9.1,1.3,2.0,5.5,2.2,11.5,0.7,0.2
142,Wenyen Gabriel,1878720,14.5,2.3,3.8,2.1,3.2,0.9,1.3,0.5,0.8,5.8,1.3,0.0
143,Daniel Gafford,1930681,16.6,3.2,4.3,3.2,4.3,1.3,2.1,0.7,0.9,7.6,2.7,0.5
144,Darius Garland,8920794,35.8,7.4,16.5,5.0,10.3,4.2,4.8,7.8,3.1,21.4,3.2,1.2
145,Usman Garuba,2471160,14.6,1.3,2.5,1.1,2.0,0.5,0.9,1.0,0.8,3.4,1.2,0.3
146,Luka Garza,508891,6.7,1.7,3.0,1.6,2.3,1.5,1.7,0.4,0.4,5.1,0.4,0.0
147,Rudy Gay,6184500,15.6,1.7,4.8,1.1,2.3,0.5,0.7,0.8,0.6,4.4,0.0,-0.3
148,Paul George,42492492,33.9,8.1,18.0,5.0,10.0,4.5,5.0,5.1,3.5,23.7,2.5,1.4
149,Taj Gibson,2905851,9.0,1.3,2.5,1.2,2.0,0.7,0.9,0.5,0.5,3.5,0.4,0.0
150,Josh Giddey,6287400,30.8,6.6,13.9,5.5,10.8,1.1,1.5,5.4,3.0,15.4,1.2,0.5
151,Shai Gilgeous-Alexander,30913750,35.6,10.3,20.7,9.3,17.8,9.3,10.2,5.7,3.2,30.9,5.3,2.7
152,Anthony Gill,1836090,9.5,1.0,1.8,1.0,1.3,0.4,0.5,0.4,0.2,2.6,0.7,-0.1
153,Rudy Gobert,38172414,31.4,5.3,7.9,5.3,7.8,3.2,4.8,0.9,1.7,13.9,4.1,0.7
154,Jordan Goodwin,508891,19.1,2.7,5.7,2.1,4.0,0.8,1.1,2.7,1.0,7.0,1.6,0.6
155,Aaron Gordon,19690909,30.1,6.4,11.0,5.5,8.5,3.0,4.7,2.4,1.6,16.9,3.6,1.1
156,Eric Gordon,19568360,29.8,3.9,9.5,2.0,4.2,1.8,2.1,2.3,1.7,11.5,0.5,-0.3
157,Devonte' Graham,11550000,15.0,1.5,4.3,0.4,0.9,0.9,1.1,2.1,0.5,5.0,1.2,0.3
158,Jerami Grant,20955000,35.8,7.5,15.3,4.9,9.3,4.7,5.9,2.7,1.9,22.3,3.9,1.3
159,AJ Green,508891,8.8,1.5,3.1,0.5,0.6,0.2,0.2,0.5,0.2,4.3,0.5,0.1
160,Draymond Green,25806468,31.3,3.1,6.2,2.5,4.3,0.9,1.3,6.7,2.4,7.8,2.2,0.7
161,Jalen Green,9441840,34.4,7.2,17.5,4.8,10.2,4.8,6.1,3.6,2.9,21.5,1.0,-0.1
162,JaMychal Green,8200000,14.9,2.3,4.5,1.8,2.7,0.8,1.1,0.8,1.1,5.8,0.6,-0.2
163,Javonte Green,1815677,16.0,2.2,3.7,1.7,2.5,1.0,1.5,0.8,0.7,5.9,1.3,0.5
164,Jeff Green,4500000,19.3,2.8,5.4,2.5,4.1,1.5,2.1,1.1,1.0,7.5,0.7,-0.2
165,Josh Green,3098400,20.3,2.4,4.1,1.4,2.0,1.3,1.8,1.2,0.7,7.0,1.6,0.3
166,AJ Griffin,3536160,21.3,4.0,8.6,2.3,4.1,0.4,0.5,1.0,0.8,10.0,1.1,0.3
167,Blake Griffin,2905851,14.4,1.7,3.5,1.2,2.0,0.9,1.2,1.2,0.4,4.8,0.7,0.1
168,Quentin Grimes,2277000,28.6,3.7,7.9,1.8,2.8,1.1,1.4,2.1,1.2,10.4,1.8,0.5
169,Rui Hachimura,6263188,24.2,5.3,10.5,4.3,7.9,1.6,2.2,1.3,1.3,13.2,0.7,0.0
170,Tyrese Haliburton,4215120,33.5,7.4,15.3,4.3,7.8,2.7,3.1,10.2,2.6,20.4,5.4,3.1
171,Jordan Hall,193027,9.2,1.0,3.1,0.7,1.4,0.8,1.0,1.2,0.8,3.1,-0.1,-0.1
172,RJ Hampton,2412840,14.4,2.0,4.6,1.3,2.4,1.2,1.5,1.4,0.8,6.0,0.6,0.1
173,Tim Hardaway Jr,19602273,28.5,4.5,11.7,1.7,3.9,1.9,2.4,1.6,0.9,13.8,1.2,0.1
174,James Harden,33000000,38.1,6.7,15.7,3.9,8.1,6.0,7.0,10.8,3.6,22.1,3.3,1.5
175,Jaden Hardy,1017781,8.7,2.1,4.7,1.6,3.2,0.8,0.8,0.4,0.3,5.5,0.1,-0.1
176,Ron Harper Jr,508891,4.0,1.0,2.0,0.0,0.5,0.0,0.0,0.0,0.0,3.0,0.0,0.0
177,Montrezl Harrell,2463490,12.3,2.1,3.8,2.1,3.7,1.4,1.9,0.6,0.6,5.6,1.4,0.1
178,Gary Harris,13000000,24.0,3.3,7.0,1.9,3.6,1.4,1.6,1.6,1.1,9.5,0.5,0.0
179,Joe Harris,18642857,24.8,2.9,6.9,1.2,2.3,0.4,0.7,1.6,0.6,8.1,1.1,-0.1
180,Kevon Harris,508891,12.6,1.2,2.9,0.8,1.8,0.8,1.0,0.5,0.6,3.7,0.4,-0.1
181,Tobias Harris,37633050,34.6,6.5,13.2,4.5,8.0,1.6,1.8,2.7,1.3,16.6,3.2,0.9
182,Josh Hart,12960000,34.6,3.6,7.0,2.9,5.1,1.8,2.4,4.2,1.7,9.6,3.1,0.8
183,Isaiah Hartenstein,7804879,19.3,2.3,4.5,2.1,3.7,0.7,0.9,0.8,0.9,5.4,2.1,0.2
184,Udonis Haslem,2905851,7.2,0.2,2.0,0.2,1.8,0.2,0.4,0.0,0.0,0.6,-0.1,-0.1
185,Sam Hauser,1637966,15.5,2.1,4.7,0.5,0.7,0.2,0.3,0.7,0.4,6.1,1.4,0.3
186,Jaxson Hayes,6803012,13.1,1.7,3.3,1.5,2.4,1.2,1.8,0.9,0.6,4.7,0.7,0.1
187,Killian Hayes,5837760,26.0,3.7,9.7,2.6,6.3,0.8,1.0,5.5,1.8,9.3,0.2,-0.3
188,Gordon Hayward,30075000,32.7,5.1,12.0,4.0,8.2,2.3,3.0,3.9,2.1,13.7,0.3,-0.2
189,Juancho Hernangomez,2298385,17.5,1.6,3.4,1.0,1.5,0.2,0.4,0.7,0.5,3.9,0.6,-0.1
190,Willy Hernangomez,2443581,11.8,2.3,4.4,2.2,4.1,2.2,2.8,0.9,1.1,6.9,0.9,0.1
191,Tyler Herro,5722116,35.4,7.5,16.7,4.2,8.3,2.8,3.1,4.5,2.6,21.1,2.3,1.2
192,Buddy Hield,21177750,31.9,6.4,14.0,2.6,5.1,1.2,1.4,2.7,1.8,17.9,2.4,1.3
193,Haywood Highsmith,1752638,19.7,1.7,4.4,1.0,2.3,0.2,0.6,0.8,0.8,4.3,0.3,-0.2
194,George Hill,4000000,19.8,1.7,3.8,1.0,1.7,1.0,1.4,2.6,0.9,5.0,1.2,-0.1
195,Malcolm Hill,508891,0.3,0.0,0.0,0.0,0.0,0.0,0.0,0.0,0.0,0.0,0.0,0.0
196,Aaron Holiday,1968175,16.7,1.8,4.2,1.1,2.6,0.6,0.7,1.6,0.6,4.9,0.8,0.0
197,Jrue Holiday,33665040,32.1,6.8,15.0,4.5,9.0,2.4,2.8,7.1,3.2,18.2,2.3,1.1
198,Justin Holiday,6292440,15.0,1.7,4.5,0.6,1.4,0.0,0.0,0.9,0.4,4.5,0.1,-0.2
199,Richaun Holmes,11215260,9.5,1.3,2.0,1.2,1.9,0.3,0.4,0.1,0.4,3.0,0.5,-0.1
200,Al Horford,26500000,30.3,3.5,7.3,1.5,2.7,0.2,0.3,2.5,0.6,9.2,2.6,1.0
201,Talen Horton-Tucker,10260000,15.7,2.6,6.5,1.9,3.9,1.0,1.4,2.4,1.2,6.8,0.2,0.0
202,Danuel House Jr,4105000,17.4,1.7,3.6,1.0,1.5,0.9,1.2,0.8,0.5,5.0,0.9,-0.1
203,Caleb Houstan,2000000,17.4,1.4,3.6,0.4,1.0,0.4,0.5,0.6,0.4,4.3,0.5,-0.2
204,Trevor Hudgins,508891,4.0,1.0,1.0,0.0,0.0,0.0,0.0,0.0,0.0,3.0,0.0,0.0
205,Kevin Huerter,14508929,31.6,5.7,11.7,2.7,4.7,1.6,2.2,2.9,1.6,15.9,2.5,0.8
206,De'Andre Hunter,9835881,31.3,5.5,12.2,4.0,8.0,2.8,3.5,1.2,1.3,15.3,1.1,-0.4
207,Bones Hyland,2201520,20.7,4.6,11.1,2.1,5.0,1.7,2.1,3.3,1.8,13.5,0.8,0.3
208,Serge Ibaka,2905851,11.6,1.6,3.4,1.3,2.3,0.5,0.8,0.3,0.7,4.1,0.2,-0.1
209,Andre Iguodala,2905851,12.0,0.0,0.0,0.0,0.0,0.0,0.0,1.0,2.0,0.0,0.0,0.0
210,Joe Ingles,6479000,18.6,1.7,5.3,0.3,0.7,0.3,0.3,3.3,2.1,5.0,-0.1,-0.2
211,Brandon Ingram,31650600,32.1,7.3,15.4,5.4,11.4,4.4,5.1,4.7,2.8,20.8,1.2,0.5
212,Kyrie Irving,36934550,36.4,9.7,19.8,6.6,11.4,3.6,3.9,4.7,2.3,25.9,3.1,1.3
213,Jaden Ivey,7252200,29.8,5.2,12.6,3.9,8.5,3.4,4.7,4.1,2.7,15.1,-0.1,-0.4
214,Isaiah Jackson,2573760,15.6,2.6,4.6,2.6,4.4,1.7,2.5,1.0,0.9,7.0,1.3,0.2
215,Jaren Jackson Jr,28946605,26.0,5.9,11.5,4.4,7.3,3.3,4.3,0.9,1.5,16.6,2.4,1.0
216,Justin Jackson,2133278,4.5,0.3,1.2,0.1,0.4,0.1,0.1,0.5,0.1,0.9,0.0,0.0
217,Reggie Jackson,11215260,28.1,4.3,10.5,2.8,6.1,1.4,1.6,3.8,2.0,11.6,0.6,-0.4
218,LeBron James,44474988,35.9,11.4,22.3,9.4,15.6,4.4,5.8,6.7,3.3,29.1,3.1,2.1
219,Ty Jerome,4728948,18.1,2.7,5.5,1.8,3.2,1.0,1.1,2.4,0.7,7.3,1.0,0.0
220,Isaiah Joe,1836090,13.4,2.3,4.9,0.6,1.0,0.8,1.0,1.1,0.4,7.1,1.5,0.6
221,Alize Johnson,192293,7.5,0.8,1.5,0.8,1.0,0.3,0.5,0.3,1.0,1.8,-0.1,-0.1
222,Cameron Johnson,5887899,25.3,4.6,10.4,1.9,4.0,1.0,1.4,1.8,0.3,13.0,0.7,0.3
223,Jalen Johnson,2792640,15.1,1.9,4.3,1.6,2.8,0.7,1.0,1.0,0.5,5.0,1.0,0.1
224,James Johnson,2905851,7.9,0.8,2.1,0.7,1.3,0.0,0.0,0.6,0.2,1.7,0.0,-0.1
225,Keldon Johnson,3873024,32.0,7.5,17.5,5.0,10.3,3.8,5.0,2.7,2.2,21.2,0.5,-0.1
226,Keon Johnson,2681040,13.3,2.2,5.8,1.2,3.0,0.3,0.7,1.2,1.4,5.6,-0.4,-0.3
227,Stanley Johnson,4022164,13.5,2.4,4.0,1.5,2.3,0.8,1.2,1.9,0.9,6.5,0.5,0.2
228,Nikola Jokic,33047803,33.4,9.5,15.5,8.6,13.1,5.4,6.6,9.5,3.4,25.3,7.8,4.3
229,Damian Jones,2298385,9.3,1.1,2.0,1.1,1.8,0.8,1.1,0.2,0.4,3.1,0.4,0.0
230,Derrick Jones Jr,3200000,14.2,2.0,3.8,1.6,2.6,1.2,1.6,0.6,0.5,5.7,1.2,0.2
231,Herbert Jones,1785000,28.6,3.5,8.1,2.6,5.3,2.4,3.0,2.1,1.2,10.1,1.7,0.3
232,Kai Jones,2909040,9.4,1.2,2.3,1.0,1.9,0.3,0.5,0.2,0.4,2.8,0.3,-0.2
233,Tre Jones,1782621,29.9,5.1,11.5,4.4,8.8,2.3,2.6,6.4,1.9,13.2,1.6,0.1
234,Tyus Jones,15000000,23.3,3.8,8.6,2.2,4.6,1.1,1.4,4.7,0.9,10.2,2.7,0.9
235,DeAndre Jordan,10733758,14.0,2.0,2.6,2.0,2.6,0.6,1.3,0.8,1.0,4.6,1.0,0.0
236,Cory Joseph,5155500,15.4,1.6,4.1,1.1,2.4,0.6,0.8,3.0,0.7,4.5,0.5,-0.2
237,Nikola Jovic,2239920,13.6,1.9,4.6,1.3,2.3,1.2,1.3,0.7,0.7,5.5,0.2,-0.1
238,Mfiondu Kabengele,508891,8.0,1.0,2.0,1.0,1.0,0.0,0.0,0.0,0.0,2.0,0.0,0.0
239,Frank Kaminsky,2463490,7.0,0.9,1.6,0.5,0.6,0.4,0.4,0.8,0.3,2.6,0.4,0.1
240,Trevor Keels,508891,1.0,0.0,1.0,0.0,0.0,0.0,0.0,0.0,0.0,0.0,0.0,0.0
241,Luke Kennard,13745455,22.1,3.1,6.3,1.2,2.3,0.7,0.7,1.2,0.9,8.7,1.3,0.3
242,Walker Kessler,2696400,18.6,2.9,4.0,2.9,4.0,1.0,1.8,0.6,0.7,6.8,2.9,0.7
243,Braxton Key,201802,3.0,0.3,0.3,0.3,0.3,0.7,0.7,0.0,0.0,1.3,0.0,0.0
244,Corey Kispert,3552840,27.9,3.3,7.0,1.6,2.8,1.1,1.3,1.4,0.7,9.5,1.6,0.0
245,Maxi Kleber,9000000,25.6,2.3,4.7,1.2,1.8,0.5,0.6,1.0,0.6,6.2,1.0,0.1
246,Nathan Knight,1836090,5.7,0.9,1.3,0.8,1.1,0.7,1.1,0.3,0.5,2.6,0.3,0.0
247,Kevin Knox,3000000,13.9,1.9,4.3,0.9,1.5,0.7,0.8,0.4,0.7,5.6,0.5,0.0
248,Christian Koloko,1500000,16.0,1.4,2.9,1.4,2.6,0.9,1.4,0.4,0.5,3.8,1.1,-0.3
249,John Konchar,2300000,25.4,2.8,6.0,1.5,2.6,0.5,0.6,1.6,0.6,7.3,2.5,0.8
250,Furkan Korkmaz,5000000,11.5,1.4,3.5,0.8,1.8,0.9,1.4,0.9,0.7,4.2,0.1,-0.1
251,Luke Kornet,2133278,11.8,1.6,2.4,1.6,2.2,0.5,0.5,0.7,0.4,3.8,1.6,0.3
252,Vit Krejci,1563518,6.3,0.6,1.5,0.3,0.5,0.1,0.1,0.6,0.2,1.5,0.1,-0.1
253,Jonathan Kuminga,5739840,18.6,2.8,6.0,2.4,4.2,1.4,2.0,1.7,1.5,7.5,0.5,-0.3
254,Kyle Kuzma,13000000,35.3,8.2,17.8,5.8,10.6,2.5,3.6,3.9,2.9,21.4,1.1,0.4
255,Anthony Lamb,508891,19.7,2.7,5.3,1.3,1.8,0.5,0.7,1.7,1.0,7.2,1.4,0.3
256,Jock Landale,1563518,14.2,2.3,4.5,2.0,3.2,1.5,1.9,0.8,0.8,6.4,1.4,0.1
257,Romeo Langford,5634257,19.9,3.0,6.2,2.7,4.8,0.8,1.1,1.0,0.8,7.2,0.4,-0.2
258,Jake LaRavia,3047640,14.4,1.3,3.2,0.5,1.0,0.3,0.3,0.8,0.7,3.7,0.5,0.0
259,Zach LaVine,37096500,35.2,8.3,17.7,5.2,10.1,3.6,4.3,4.3,2.5,23.3,2.5,1.0
260,AJ Lawson,371432,1.8,0.3,0.8,0.3,0.3,0.0,0.0,0.0,0.0,0.5,0.0,0.0
261,Damion Lee,2133278,21.7,2.8,5.9,1.0,2.2,1.0,1.0,1.2,1.0,8.3,1.8,0.3
262,Saben Lee,1859644,5.0,1.5,2.0,1.5,1.5,0.0,0.0,1.0,1.5,3.0,0.0,0.0
263,Alex Len,3918600,4.0,0.5,1.0,0.5,0.9,0.3,0.4,0.3,0.3,1.3,0.0,0.0
264,Kawhi Leonard,42492492,28.3,6.3,13.4,5.3,9.6,3.1,3.9,3.8,1.5,16.6,1.3,0.6
265,Caris LeVert,18796296,31.2,4.5,11.0,2.9,6.6,2.0,2.7,3.6,1.6,12.6,1.7,0.1
266,Kira Lewis Jr,4004280,11.7,2.7,5.7,2.3,4.3,2.0,2.0,0.3,0.7,7.7,0.1,0.0
267,Damian Lillard,42492492,35.3,8.3,19.2,4.3,8.3,6.6,7.4,7.2,3.3,27.1,3.3,1.5
268,Nassir Little,4171548,15.3,2.0,4.3,1.3,2.3,0.7,1.0,0.9,0.7,5.5,0.4,0.1
269,Isaiah Livers,1563518,19.5,1.9,4.7,0.6,1.0,0.7,0.9,0.6,0.6,5.8,0.3,0.0
270,Kenneth Lofton Jr,508891,4.0,1.2,2.5,1.2,2.2,0.2,0.5,0.7,0.2,2.5,0.0,0.0
271,Kevon Looney,8000000,23.3,2.8,4.4,2.8,4.4,1.2,1.8,2.9,0.4,6.7,4.1,1.0
272,Brook Lopez,13906976,30.3,5.5,10.8,3.6,5.9,1.7,2.1,1.2,1.4,14.5,3.7,1.3
273,Robin Lopez,2905851,8.6,1.3,2.0,1.2,2.0,0.4,0.6,0.4,0.7,3.0,0.4,-0.1
274,Kevin Love,28942830,21.1,3.0,7.3,1.1,2.1,1.6,1.8,2.1,1.3,9.5,2.0,0.8
275,Kyle Lowry,28333334,35.1,4.2,10.4,1.9,3.8,2.7,3.1,5.7,2.1,13.3,2.6,0.7
276,Trey Lyles,2625000,14.4,2.1,4.9,1.0,1.8,0.8,1.1,0.8,0.9,6.0,0.6,0.0
277,Theo Maledon,2408891,16.1,1.8,4.3,1.2,2.6,1.4,1.6,2.5,1.0,5.5,0.8,0.1
278,Sandro Mamukelashvili,502080,8.5,0.7,2.3,0.4,1.1,0.4,0.7,0.8,0.3,2.1,0.1,0.0
279,Terance Mann,1930681,20.9,3.1,6.0,2.4,4.0,1.1,1.4,1.8,1.0,8.0,2.0,0.4
280,Tre Mann,3046200,20.7,3.4,9.0,1.9,4.1,0.5,0.7,1.8,1.0,8.9,0.1,-0.3
281,Boban Marjanovic,3500000,4.2,1.1,1.5,1.1,1.4,0.8,0.9,0.2,0.2,2.9,0.3,0.1
282,Lauri Markkanen,16475454,34.2,8.5,16.0,5.5,8.7,4.6,5.3,1.9,1.8,24.6,5.4,2.1
283,Naji Marshall,1782621,23.9,3.3,7.6,2.2,4.3,2.1,2.6,2.3,1.2,9.8,1.9,0.4
284,Caleb Martin,6479000,31.4,4.0,8.6,2.5,4.9,1.0,1.3,1.9,1.1,10.4,1.9,0.2
285,Cody Martin,7000000,14.7,1.3,4.7,1.3,2.7,0.0,0.7,1.7,0.3,2.7,-0.1,-0.1
286,Kenyon Martin Jr,1782621,24.0,4.1,7.5,3.3,4.8,1.4,2.1,1.4,1.1,10.4,1.9,0.3
287,Tyrese Martin,1017781,3.8,0.5,1.5,0.5,1.0,0.2,0.2,0.0,0.1,1.4,0.0,-0.1
288,Garrison Mathews,2000000,12.8,1.2,3.4,0.1,0.2,1.0,1.0,0.5,0.3,4.4,0.8,0.0
289,Bennedict Mathurin,6586800,28.0,5.5,12.9,3.9,8.2,4.9,6.0,1.4,1.8,17.4,1.3,-0.3
290,Wesley Matthews,2905851,14.8,0.9,2.9,0.2,0.5,0.3,0.4,0.6,0.4,2.9,0.5,-0.1
291,Tyrese Maxey,2726880,34.9,7.8,17.3,5.2,10.9,3.1,4.1,4.3,1.8,21.4,1.3,0.3
292,Miles McBride,1563518,14.4,1.4,4.0,0.7,1.4,0.5,0.7,1.2,0.5,4.0,0.3,-0.1
293,CJ McCollum,33333333,35.3,7.7,18.1,4.8,10.8,2.1,2.7,6.0,2.6,20.4,2.1,1.0
294,TJ McConnell,8100000,17.2,2.4,5.2,2.2,4.6,0.6,0.7,4.3,1.5,5.6,0.9,0.1
295,Jaden McDaniels,2161440,30.5,4.5,8.6,3.4,5.6,1.3,1.7,1.8,1.5,11.5,2.0,0.3
296,Jalen McDaniels,1930681,26.3,3.9,8.6,2.7,5.0,1.8,2.0,2.1,1.3,10.8,1.8,0.2
297,Doug McDermott,13750000,20.3,3.8,8.1,1.9,3.5,0.7,1.0,1.5,0.9,10.3,0.7,-0.1
298,JaVale McGee,5461219,8.4,1.8,3.0,1.8,2.8,0.5,1.0,0.2,0.9,4.2,0.2,-0.1
299,Bryce McGowens,508891,12.9,1.3,3.2,0.9,2.1,0.8,0.9,0.9,0.5,3.7,0.1,-0.1
300,Rodney McGruder,2298385,10.1,0.9,2.6,0.3,0.7,0.4,0.5,0.7,0.4,2.8,0.0,0.0
301,Jordan McLaughlin,2160000,15.9,1.6,3.7,1.1,1.8,0.5,0.5,3.6,0.8,4.1,0.6,0.2
302,De'Anthony Melton,8250000,30.3,4.5,10.3,1.9,4.1,0.6,0.9,3.1,1.5,12.1,2.4,1.0
303,Chimezie Metu,1910860,10.7,2.0,3.5,1.8,2.7,0.6,0.8,0.6,0.7,4.9,0.6,0.1
304,Khris Middleton,37984276,24.4,3.6,11.0,2.0,5.1,2.4,2.7,4.4,1.6,11.1,0.1,-0.1
305,Patty Mills,6479000,12.2,2.0,4.2,0.8,1.3,0.6,0.6,1.3,0.6,5.7,0.7,0.2
306,Shake Milton,1997718,23.9,4.1,7.9,3.2,5.6,1.5,1.8,3.3,1.5,10.5,1.7,0.1
307,Josh Minott,1017781,2.3,0.4,0.7,0.4,0.6,0.6,0.6,0.3,0.0,1.4,0.1,0.1
308,Davion Mitchell,4833600,19.5,2.5,5.5,1.7,3.1,0.3,0.5,2.4,1.0,6.1,0.5,-0.2
309,Donovan Mitchell,30913750,36.7,10.0,20.5,6.2,11.1,5.2,6.0,4.9,3.0,29.0,5.3,2.8
310,Evan Mobley,8478720,33.9,5.8,10.6,5.5,9.4,2.5,3.6,2.7,2.1,14.2,3.7,1.0
311,Isaiah Mobley,508891,3.3,0.5,1.0,0.4,0.8,0.0,0.0,0.0,0.0,1.1,0.1,0.0
312,Chima Moneke,1017781,4.0,0.5,1.0,0.5,1.0,0.0,1.0,0.5,1.0,1.0,0.0,0.0
313,Malik Monk,9472219,23.0,4.9,11.2,3.1,5.6,2.4,2.7,3.9,2.0,14.1,1.3,0.3
314,Moses Moody,3740160,15.2,1.8,4.1,0.9,1.6,0.7,0.9,0.9,0.7,5.3,0.5,-0.2
315,Wendell Moore Jr,2306520,5.8,0.8,1.7,0.6,1.0,0.2,0.3,0.5,0.4,1.9,0.0,0.0
316,Ja Morant,12119440,32.4,9.7,20.8,8.0,15.5,6.3,8.4,8.0,3.6,27.2,3.7,2.2
317,Marcus Morris,16372093,29.4,4.9,11.0,2.8,5.6,1.4,1.7,1.7,0.9,13.2,2.1,0.4
318,Markieff Morris,2905851,11.4,1.4,3.2,0.4,1.2,0.3,0.3,1.0,0.6,4.2,0.5,0.1
319,Monte Morris,9125000,28.5,3.7,8.2,2.5,4.9,1.0,1.3,5.3,0.9,9.8,2.3,0.5
320,Trey Murphy III,3206520,28.5,4.2,8.8,1.9,3.3,1.9,2.1,1.3,0.8,12.5,3.4,1.0
321,Dejounte Murray,16571120,36.4,8.1,18.1,6.2,12.6,2.3,2.8,6.2,2.4,20.5,2.0,1.1
322,Jamal Murray,31650600,31.7,6.6,14.8,4.6,9.4,2.8,3.5,5.4,2.0,18.0,2.0,0.4
323,Keegan Murray,8008440,28.8,4.2,9.8,1.9,4.1,0.9,1.2,0.8,1.0,11.6,1.1,0.1
324,Mike Muscala,3500000,14.2,2.0,4.6,0.8,1.5,0.8,1.0,0.9,0.3,5.9,1.1,0.3
325,Svi Mykhailiuk,3846895,3.3,0.5,1.0,0.0,0.2,0.3,0.4,0.1,0.2,1.8,0.1,0.1
326,Larry Nance Jr,9672727,22.7,3.6,5.7,3.2,4.8,0.8,1.1,1.8,0.9,8.3,2.5,0.7
327,Andrew Nembhard,2244111,26.9,3.2,6.9,2.0,3.6,0.4,0.5,3.7,1.5,8.1,1.1,0.0
328,Aaron Nesmith,3804360,23.1,3.3,7.7,1.8,3.6,1.4,1.6,1.3,0.9,9.5,1.3,0.0
329,Raul Neto,2463490,10.4,1.2,2.3,0.9,1.3,0.5,0.6,1.4,0.3,3.2,0.9,0.2
330,Georges Niang,3465000,20.3,3.3,7.3,0.9,1.6,0.6,0.7,1.1,0.8,9.6,1.6,0.4
331,Daishen Nix,1563518,14.1,1.2,3.3,0.4,1.1,0.5,0.7,2.5,1.4,3.5,0.0,-0.2
332,Zeke Nnaji,2617800,11.0,1.7,2.8,1.6,2.1,0.6,0.8,0.2,0.5,4.0,0.6,-0.3
333,Nerlens Noel,9240000,8.5,0.5,1.8,0.5,1.8,0.5,0.8,0.4,0.5,1.5,0.0,0.0
334,Jaylen Nowell,1930681,20.5,4.6,10.6,3.5,6.6,1.2,1.5,2.3,1.0,11.6,0.8,0.0
335,Frank Ntilikina,2036318,13.0,0.9,3.0,0.6,1.2,0.4,0.5,1.2,0.7,2.5,-0.3,-0.4
336,Kendrick Nunn,5250000,12.1,2.3,5.8,1.4,3.1,0.4,0.5,0.8,0.9,5.8,-0.5,-0.5
337,Jusuf Nurkic,15625000,28.4,5.3,10.1,4.5,8.2,2.8,4.1,2.9,2.5,14.2,2.6,0.7
338,Jordan Nwora,3000000,16.0,2.0,5.2,1.0,2.6,1.0,1.2,1.0,1.0,6.0,0.4,-0.1
339,Royce O'Neale,9200000,35.1,3.3,8.1,1.0,2.6,0.4,0.7,4.1,1.7,9.4,1.7,0.4
340,Chuma Okeke,3433320,21.8,1.8,4.8,0.8,1.5,0.9,1.2,1.4,0.5,5.4,0.6,0.1
341,Josh Okogie,1968175,11.4,1.4,3.5,1.1,2.0,1.1,1.6,1.0,0.7,4.3,0.9,0.2
342,Onyeka Okongwu,6395160,23.6,3.8,6.1,3.8,6.0,1.7,2.2,0.9,1.0,9.2,3.1,0.3
343,Isaac Okoro,7040880,18.9,1.8,4.1,1.3,2.3,1.0,1.2,0.9,0.6,5.0,1.4,0.1
344,KZ Okpala,1902133,7.8,0.5,1.1,0.3,0.6,0.2,0.2,0.5,0.2,1.4,0.3,0.0
345,Victor Oladipo,8750000,27.4,3.7,8.8,2.2,4.1,2.2,2.9,3.1,1.7,11.1,0.6,0.1
346,Kelly Olynyk,12804878,28.5,3.9,8.0,2.6,4.5,2.7,3.2,3.2,2.2,12.0,2.4,0.6
347,Eugene Omoruyi,508891,11.8,2.0,4.2,1.6,2.6,0.7,1.2,0.5,0.8,5.2,0.3,-0.1
348,Cedi Osman,7426088,23.7,3.7,7.9,2.2,3.6,1.1,1.7,1.6,0.8,10.0,1.9,0.3
349,Kelly Oubre Jr,12600000,32.6,7.5,17.8,5.2,10.4,2.9,4.0,1.2,1.3,20.2,1.1,0.1
350,Chris Paul,28400000,31.1,4.4,10.3,2.7,6.2,2.7,3.3,8.3,2.0,13.1,2.6,1.0
351,Cameron Payne,6000000,24.0,4.5,11.0,2.8,6.5,1.4,1.8,5.3,2.0,12.1,0.9,0.2
352,Gary Payton II,8300000,13.0,3.0,4.0,2.0,3.0,0.0,0.0,4.0,2.0,7.0,0.1,0.0
353,Theo Pinson,1968175,4.5,0.3,1.2,0.1,0.4,0.4,0.5,0.3,0.2,1.3,0.1,0.0
354,Scotty Pippen Jr,508891,6.0,0.3,2.0,0.0,1.3,1.0,1.5,0.3,0.5,1.8,-0.1,-0.1
355,Mason Plumlee,9080417,27.7,4.2,6.5,4.2,6.5,2.4,4.2,3.7,1.6,10.8,3.8,1.1
356,Jakob Poeltl,9398148,26.4,5.1,8.0,5.1,8.0,1.6,2.8,3.0,2.1,11.9,2.3,0.7
357,Aleksej Pokusevski,3261480,21.8,3.5,7.8,2.2,4.6,0.7,1.1,2.0,1.3,8.8,1.1,0.4
358,Jordan Poole,3901399,30.1,7.0,16.5,4.5,8.3,4.2,4.8,4.4,3.6,20.6,0.4,-0.4
359,Kevin Porter Jr,3217631,34.5,6.8,15.7,4.6,9.3,3.7,4.7,5.7,3.6,19.4,1.5,0.6
360,Michael Porter Jr,30913750,29.2,6.0,12.7,3.2,6.0,1.6,2.2,1.2,1.3,16.4,1.4,0.2
361,Otto Porter Jr,6000000,18.3,1.9,3.8,1.1,1.6,1.0,1.0,1.0,0.5,5.5,0.4,0.1
362,Bobby Portis,10843350,26.5,5.9,12.0,4.8,8.4,1.1,1.4,1.8,1.2,14.2,3.3,0.9
363,Kristaps Porzingis,33833400,32.7,7.3,15.4,5.6,10.0,5.6,6.9,2.4,2.3,21.9,3.7,1.5
364,Micah Potter,508891,4.7,0.7,0.7,0.7,0.7,0.0,0.0,0.7,0.0,1.3,0.1,0.0
365,Dwight Powell,11080125,17.4,2.3,3.1,2.3,3.0,1.4,2.1,0.6,0.8,5.9,2.3,0.0
366,Norman Powell,16758621,24.8,5.3,11.0,3.6,6.8,3.0,3.9,1.6,1.8,15.2,1.4,0.3
367,Jason Preston,1563518,9.1,1.1,3.0,0.6,1.4,0.0,0.3,2.0,0.6,2.9,0.0,0.0
368,Joshua Primo,4144320,23.3,2.3,6.5,1.5,3.5,1.8,2.3,4.5,2.8,7.0,-0.1,-0.1
369,Taurean Prince,7295000,19.9,3.0,5.9,1.7,2.7,1.0,1.3,1.1,1.3,8.2,0.4,-0.2
370,Payton Pritchard,2239200,9.8,1.7,4.0,0.9,1.8,0.3,0.5,1.0,0.7,4.5,0.1,-0.1
371,Trevelin Queen,838891,10.0,0.0,1.5,0.0,0.0,0.0,0.0,1.0,1.5,0.0,-0.1,0.0
372,Neemias Queta,508891,6.3,1.5,2.0,1.5,2.0,0.0,0.5,0.3,0.3,3.0,0.1,0.0
373,Immanuel Quickley,2316240,26.6,4.1,10.1,2.6,5.3,2.1,2.5,3.4,1.3,11.9,2.3,0.6
374,Julius Randle,23760000,35.2,8.1,17.6,5.4,9.9,5.4,7.2,3.8,2.6,24.4,4.9,2.3
375,Austin Reaves,1563518,28.9,3.4,7.1,2.2,3.6,2.6,2.9,2.2,1.4,10.8,2.0,0.1
376,Cam Reddish,5954454,21.9,3.1,6.8,2.2,4.0,1.5,1.7,1.0,0.8,8.4,0.7,0.0
377,Davon Reed,1902133,9.5,0.7,2.3,0.2,0.9,0.4,0.6,0.6,0.5,2.4,0.0,-0.3
378,Paul Reed,1782621,9.4,1.2,2.2,1.2,2.1,0.3,0.4,0.4,0.6,2.6,0.8,0.0
379,Naz Reid,1930681,17.8,4.2,7.6,3.2,4.9,1.1,1.7,0.9,1.2,10.6,1.4,0.5
380,Nick Richards,1782621,17.6,3.2,5.1,3.2,5.1,2.1,2.8,0.6,0.8,8.4,2.4,0.2
381,Josh Richardson,12196094,23.0,3.9,9.1,2.2,4.3,1.3,1.5,3.1,1.6,10.8,0.5,-0.1
382,Austin Rivers,2905851,20.4,1.8,4.0,0.9,1.6,0.8,1.0,1.5,0.6,5.4,0.9,-0.1
383,Duncan Robinson,16902000,17.9,2.3,6.2,0.6,1.3,0.7,0.8,1.2,0.7,6.9,0.4,-0.4
384,Mitchell Robinson,17045454,26.2,3.3,4.7,3.3,4.7,1.1,2.0,1.0,0.5,7.6,3.9,1.1
385,Orlando Robinson,386055,14.3,2.2,4.0,2.2,3.6,0.9,1.2,1.0,0.6,5.3,0.6,0.0
386,Jeremiah Robinson-Earl,2000000,21.1,3.3,6.7,2.2,3.8,0.8,1.1,1.0,0.6,8.5,1.5,0.3
387,Isaiah Roby,1930681,10.7,1.5,3.4,1.0,1.9,0.4,0.9,1.0,0.6,3.8,0.1,-0.1
388,David Roddy,2588640,18.7,2.4,6.1,1.6,2.8,0.7,1.2,0.7,0.8,6.5,0.5,-0.3
389,Ryan Rollins,1017781,5.2,0.6,1.7,0.3,0.9,0.5,0.5,0.5,1.3,1.9,-0.3,-0.2
390,Derrick Rose,14520730,12.9,2.3,6.0,1.6,3.7,0.4,0.5,1.8,0.8,5.8,0.1,-0.1
391,Terrence Ross,11500000,22.9,3.2,7.5,1.8,3.5,0.4,0.6,1.4,1.0,8.3,0.4,-0.2
392,Terry Rozier,21486316,35.4,7.8,19.5,5.3,11.6,2.6,3.1,5.3,2.4,20.7,0.2,0.0
393,D'Angelo Russell,31377750,32.6,6.0,13.2,3.8,6.8,2.7,3.2,6.4,2.7,17.0,2.4,0.8
394,Matt Ryan,806097,9.3,1.1,3.3,0.2,0.9,0.3,0.3,0.3,0.3,3.3,0.0,-0.2
395,Domantas Sabonis,18500000,34.1,7.0,11.3,6.5,10.1,4.4,5.9,6.7,2.6,18.9,6.3,2.7
396,Dario Saric,9240000,11.0,1.3,3.7,0.8,2.0,0.6,0.7,1.0,0.6,3.8,0.2,-0.1
397,Jordan Schakel,96514,3.0,0.5,1.0,0.0,0.5,0.0,0.0,0.5,0.0,1.5,0.0,0.0
398,Admiral Schofield,508891,13.3,1.8,3.7,1.0,1.5,0.7,0.8,0.9,0.2,4.9,0.9,0.1
399,Dennis Schroder,2641682,29.0,4.2,9.1,2.8,5.6,2.8,3.2,3.7,1.8,12.6,1.2,-0.2
400,Dereon Seabron,508891,1.5,0.0,0.0,0.0,0.0,0.0,0.0,0.0,0.0,0.0,0.0,0.0
401,Alperen Sengun,3375360,26.4,5.6,10.1,5.4,9.4,3.2,4.0,2.7,2.1,14.5,2.9,0.8
402,Collin Sexton,16500000,24.1,4.8,9.8,3.8,7.2,3.6,4.2,2.9,1.7,14.1,1.8,0.1
403,Landry Shamet,9500000,20.8,3.1,7.8,1.0,2.5,1.3,1.5,2.1,1.0,9.5,0.9,0.2
404,Day'Ron Sharpe,2109480,8.9,1.5,2.9,1.3,2.6,0.7,1.0,0.7,0.8,3.9,0.5,-0.1
405,Shaedon Sharpe,6012960,19.6,3.2,6.7,2.3,4.2,0.6,0.9,0.5,0.7,7.8,0.7,-0.4
406,Pascal Siakam,35448672,37.3,8.9,18.9,7.6,14.8,6.5,8.3,6.5,2.5,25.7,3.7,1.9
407,Ben Simmons,35448672,27.1,3.6,6.0,3.6,6.0,0.7,1.6,5.9,2.1,7.8,2.1,0.6
408,Marko Simonovic,1563518,2.0,0.0,1.0,0.0,0.0,0.0,0.0,0.0,0.0,0.0,0.0,0.0
409,Anfernee Simons,22321429,35.8,7.9,18.1,4.1,8.0,2.7,3.0,4.0,2.3,22.4,2.4,0.6
410,Jericho Sims,1639842,12.3,1.7,2.1,1.7,2.1,0.3,0.3,0.3,0.4,3.6,1.7,0.3
411,Marcus Smart,17207142,32.6,4.0,9.4,2.2,4.1,1.3,1.7,7.2,2.3,11.1,2.5,0.4
412,Dennis Smith Jr,2133278,26.7,3.9,8.6,3.3,6.7,0.6,1.0,5.0,1.5,8.9,0.6,0.2
413,Dru Smith,122836,13.4,1.0,2.8,0.8,1.6,0.0,0.0,1.0,0.2,2.2,0.1,0.0
414,Ish Smith,4725000,8.6,1.1,2.8,1.0,2.5,0.1,0.1,1.8,0.9,2.4,-0.2,-0.2
415,Jabari Smith Jr,8882640,29.8,4.1,10.7,2.2,5.0,1.7,2.1,0.9,1.3,11.9,0.8,-0.5
416,Jalen Smith,4670160,20.3,3.8,8.3,2.8,4.9,1.6,2.0,1.0,1.2,10.2,1.4,0.1
417,Jeremy Sochan,5063520,25.3,3.7,7.9,3.3,5.9,1.0,1.6,2.4,1.7,8.7,0.1,-0.5
418,Jaden Springer,2125200,3.0,0.6,1.4,0.6,1.4,0.2,0.4,0.0,0.2,1.4,0.0,0.0
419,Lamar Stevens,1782621,21.7,2.5,5.9,1.9,3.9,0.8,1.2,0.7,0.6,6.3,0.6,-0.2
420,Isaiah Stewart,3433320,28.3,4.0,8.8,2.5,4.5,2.1,2.9,1.2,1.4,11.6,1.5,0.0
421,Max Strus,1815677,30.4,4.6,11.5,1.9,3.5,1.1,1.3,1.9,0.9,13.1,1.6,0.1
422,Jalen Suggs,6922320,26.6,4.3,10.2,3.0,5.7,1.8,2.6,4.8,2.9,11.5,0.1,0.0
423,Edmond Sumner,1968175,14.4,2.3,5.1,1.8,3.4,1.6,1.8,1.4,0.9,6.8,0.9,0.0
424,Cole Swider,508891,1.5,0.5,1.0,0.0,0.0,0.0,0.0,0.5,0.0,1.5,0.0,0.0
425,Jae'Sean Tate,7065217,21.8,3.8,7.0,3.0,5.3,0.8,1.0,3.0,1.3,9.0,0.2,0.1
426,Jayson Tatum,30351780,36.7,10.1,21.4,6.9,12.3,7.4,8.6,4.1,2.7,30.8,5.5,2.6
427,Terry Taylor,1563518,7.7,0.7,1.9,0.6,1.3,0.2,0.3,0.3,0.2,1.8,0.1,-0.1
428,Garrett Temple,5155500,8.2,0.9,2.2,0.4,0.8,0.2,0.3,0.5,0.2,2.6,0.2,0.0
429,Dalen Terry,3191400,3.7,0.3,0.9,0.2,0.6,0.2,0.3,0.5,0.3,0.9,-0.1,-0.1
430,Cam Thomas,2138160,13.6,2.1,5.1,1.7,4.0,1.7,2.2,1.4,0.7,6.4,0.3,-0.2
431,Klay Thompson,40600080,32.2,7.5,18.0,3.5,7.6,1.7,1.9,2.5,1.7,20.6,0.9,0.2
432,JT Thor,1563518,10.6,1.0,2.6,0.6,1.2,0.4,0.6,0.5,0.5,2.7,0.0,-0.2
433,Matisse Thybulle,4379526,11.7,0.9,2.3,0.5,0.9,0.1,0.2,0.4,0.1,2.4,0.7,0.1
434,Xavier Tillman Sr,1782621,10.4,1.9,3.0,1.7,2.6,0.4,0.8,0.5,0.4,4.2,0.9,0.3
435,Isaiah Todd,1575000,3.3,0.3,1.0,0.3,0.3,0.0,0.0,0.0,0.0,0.5,0.0,0.0
436,Obi Toppin,5348280,17.1,2.9,6.8,1.5,3.0,0.6,0.7,1.0,0.8,7.7,0.7,0.2
437,Juan Toscano-Anderson,2133278,12.3,1.0,2.0,0.9,1.3,0.3,0.4,0.6,0.7,2.4,0.1,-0.1
438,Karl-Anthony Towns,33833400,33.8,7.3,14.4,5.5,8.9,4.4,5.0,5.3,3.1,20.8,2.1,0.9
439,Gary Trent Jr,17505000,32.3,6.4,14.3,3.8,7.3,3.0,3.8,1.5,1.1,18.3,2.3,0.6
440,PJ Tucker,10490000,27.5,1.2,2.9,0.6,1.3,0.3,0.3,0.9,0.8,3.3,1.1,-0.4
441,Myles Turner,18000000,29.7,6.0,10.9,4.5,7.1,3.3,4.2,1.5,1.6,16.7,3.3,1.1
442,Jonas Valanciunas,14700000,24.8,5.4,10.4,4.8,8.5,2.4,2.9,1.8,1.9,13.8,2.9,0.3
443,Jarred Vanderbilt,4374000,25.0,3.5,6.2,3.1,5.1,1.1,1.6,2.9,1.5,8.5,3.0,0.9
444,Fred VanVleet,21250000,37.1,6.0,15.9,3.2,7.2,3.9,4.5,6.2,1.8,18.8,2.5,1.1
445,Devin Vassell,4437000,31.3,7.1,16.0,4.3,9.0,2.4,3.0,3.6,1.6,19.4,1.4,0.7
446,Gabe Vincent,1815677,23.9,3.0,7.8,1.7,3.2,0.8,1.0,2.7,1.2,8.2,0.4,-0.4
447,Noah Vonleh,2463490,7.4,0.5,1.0,0.4,0.9,0.1,0.1,0.3,0.5,1.1,0.2,-0.2
448,Nikola Vucevic,22000000,33.3,6.7,12.9,5.0,8.5,1.8,2.2,3.1,1.8,16.8,3.8,1.5
449,Dean Wade,1930681,24.1,2.2,4.9,0.9,1.6,0.5,0.8,1.0,0.4,6.4,1.0,0.3
450,Franz Wagner,5258280,33.5,7.2,14.9,5.7,10.5,4.0,4.7,3.5,2.2,20.1,2.7,0.6
451,Moritz Wagner,1878720,25.0,4.1,8.3,3.1,5.0,2.9,3.4,2.1,1.6,12.0,1.4,0.2
452,Ish Wainright,633891,14.3,1.3,3.4,0.3,1.0,0.2,0.3,0.9,0.3,3.7,0.7,0.1
453,Jabari Walker,1017781,8.9,1.0,2.2,0.8,1.7,0.4,0.6,0.5,0.4,2.5,0.3,-0.1
454,Kemba Walker,38800988,16.0,2.7,6.3,1.9,3.2,1.9,2.3,2.1,0.4,8.0,0.3,0.0
455,Lonnie Walker IV,6479000,29.8,5.3,11.7,3.3,6.3,2.0,2.3,1.4,1.0,14.7,1.3,0.1
456,John Wall,47345760,22.2,4.1,9.9,3.2,6.7,2.4,3.5,5.3,2.3,11.6,0.7,0.3
457,TJ Warren,2628597,20.0,4.1,7.6,3.6,5.9,1.1,1.2,1.4,0.6,9.9,0.9,0.1
458,Duane Washington Jr,508891,11.3,2.9,7.5,1.8,4.1,0.3,0.5,1.7,0.8,7.1,-0.3,-0.1
459,PJ Washington,5808435,31.9,5.7,13.2,3.7,7.5,1.8,2.3,2.3,1.5,15.2,1.3,0.2
460,TyTy Washington Jr,2210040,10.7,1.3,3.8,1.1,2.1,0.3,0.5,1.3,0.3,3.2,0.0,-0.2
461,Yuta Watanabe,1968175,18.3,2.7,4.9,1.3,2.1,0.6,0.8,0.9,0.4,7.5,1.6,0.5
462,Lindy Waters III,502080,11.1,1.2,3.3,0.1,0.2,0.2,0.2,0.8,0.2,3.8,0.3,0.1
463,Trendon Watford,1563518,17.1,1.9,3.4,1.6,2.6,1.3,1.6,1.7,1.0,5.3,1.1,0.1
464,Peyton Watson,2193960,2.5,0.5,1.5,0.5,1.3,0.0,0.0,0.0,0.0,1.0,0.0,0.0
465,Blake Wesley,2385480,11.5,3.0,4.5,2.0,3.0,1.0,2.0,2.0,1.0,8.0,0.1,0.0
466,Russell Westbrook,47063478,28.1,5.5,13.3,4.3,9.3,2.7,4.0,7.9,3.6,14.8,0.5,0.5
467,Coby White,7413955,20.5,2.7,6.5,1.2,2.1,0.8,1.1,1.8,0.8,7.8,0.8,0.0
468,Derrick White,16892857,26.2,3.4,7.5,1.9,3.5,1.7,2.0,3.4,1.0,10.0,2.9,0.9
469,Jack White,508891,3.0,0.1,0.7,0.1,0.4,0.0,0.0,0.0,0.0,0.2,0.0,0.0
470,Aaron Wiggins,1563518,18.4,2.4,4.8,1.7,3.1,0.9,1.2,1.4,0.9,6.3,1.0,0.0
471,Andrew Wiggins,33616770,32.2,7.3,14.4,4.3,7.6,1.3,2.0,2.2,1.4,18.8,1.8,0.7
472,Alondes Williams,508891,5.0,0.0,0.0,0.0,0.0,0.0,0.0,0.0,2.0,0.0,-0.1,0.0
473,Grant Williams,4306281,27.2,3.0,5.8,1.5,2.3,1.2,1.4,1.6,0.9,8.7,2.8,0.5
474,Jalen Williams,4341480,27.7,4.7,9.2,3.9,6.5,1.5,2.0,2.8,1.6,11.7,1.5,0.0
475,Jaylin Williams,2000000,11.9,1.1,3.2,0.8,2.1,0.5,0.9,1.1,0.5,3.0,0.1,-0.1
476,Kenrich Williams,2000000,21.5,3.0,5.6,2.2,3.6,0.4,0.8,1.5,0.5,7.3,1.9,0.4
477,Mark Williams,3722040,13.3,2.4,4.1,2.4,4.1,1.4,2.0,0.5,1.1,6.2,0.4,0.0
478,Patrick Williams,7775400,29.0,3.7,8.1,2.3,4.7,1.1,1.2,1.3,1.3,9.9,1.3,0.0
479,Robert Williams,10937502,19.4,3.4,4.1,3.4,4.1,1.0,1.3,1.2,0.9,7.9,1.0,0.3
480,Vince Williams Jr,508891,5.5,0.4,1.4,0.3,0.4,0.0,0.0,0.4,0.0,0.9,0.1,0.0
481,Ziaire Williams,4591680,16.0,2.3,5.5,1.6,2.8,0.4,0.4,1.2,1.5,5.6,0.0,-0.2
482,Zion Williamson,13534817,33.0,9.8,16.2,9.6,15.5,6.1,8.6,4.6,3.4,26.0,3.9,1.9
483,Justise Winslow,4097561,26.8,2.8,6.8,2.3,5.3,0.7,1.0,3.4,1.5,6.8,0.8,-0.1
484,James Wiseman,9603360,12.7,2.8,4.6,2.7,4.5,1.2,1.8,0.7,0.7,6.8,0.6,0.0
485,Christian Wood,14317459,27.8,6.6,12.2,4.8,7.6,2.8,4.0,1.5,2.1,17.9,3.1,1.0
486,Delon Wright,7804878,19.2,1.9,4.9,1.4,2.5,1.2,1.5,3.4,0.6,5.5,0.6,0.4
487,McKinley Wright IV,508891,10.5,0.8,1.9,0.8,1.5,0.4,0.6,1.2,0.7,2.0,0.1,-0.1
488,Thaddeus Young,8000000,16.8,2.2,4.0,2.1,3.3,0.4,0.6,1.6,0.8,4.9,1.4,0.3
489,Trae Young,37096500,35.7,8.7,20.9,6.5,13.7,7.7,8.7,9.9,3.9,27.4,2.9,1.5
490,Ivica Zubac,10123457,29.3,3.9,6.3,3.9,6.3,2.2,3.2,1.0,2.0,10.1,3.1,0.2
