,Team,Year,FG,FGA,FG%,3P,3PA,3P%,2P,2PA,2P%,FT,FTA,FT%,ORB,DRB,TRB,AST,STL,BLK,TOV,PF,PTS,Age,W,MOV,SOS,SRS,ORtg,DRtg,NRtg,Pace,FTr,3PAr,TS%,eFG%,TOV%,ORB%,FT/FGA,eFG%,TOV%,DRB%,FT/FGA,Attend.,Attend./G,Playoff_W,Payroll,Adjusted Payroll
0,Minnesota Timberwolves,2022,41.6,91.0,0.457,14.8,41.3,0.358,26.8,49.7,0.54,18.0,23.1,0.778,11.2,32.9,44.2,25.7,8.8,5.6,14.3,21.8,115.9,24.2,46.0,2.63,-0.1,2.53,114.3,111.7,2.6,100.9,0.254,0.454,0.573,0.539,12.4,24.4,0.198,0.535,14.2,74.9,0.227,657148.0,16028.0,2.0,137432702,150698.70938737018
1,Memphis Grizzlies,2022,43.5,94.4,0.461,11.5,32.7,0.353,32.0,61.7,0.519,17.0,23.1,0.734,14.1,35.0,49.2,26.0,9.8,6.5,13.2,19.8,115.6,24.0,56.0,5.68,-0.32,5.37,114.6,109.0,5.6,100.3,0.245,0.346,0.553,0.522,11.2,30.0,0.18,0.523,13.3,77.8,0.195,646785.0,15775.0,6.0,117284457,128605.6087371295
2,Milwaukee Bucks,2022,41.8,89.4,0.468,14.1,38.4,0.366,27.8,51.0,0.544,17.8,22.9,0.776,10.2,36.5,46.7,23.9,7.6,4.0,13.4,18.2,115.5,28.5,51.0,3.35,-0.14,3.22,115.1,111.8,3.3,99.9,0.257,0.43,0.58,0.546,11.9,23.0,0.199,0.536,11.6,78.6,0.165,715581.0,17453.0,7.0,160875421,176404.29071131724
3,Phoenix Suns,2022,43.7,90.1,0.485,11.6,31.9,0.364,32.1,58.2,0.551,15.9,19.9,0.797,9.8,35.5,45.3,27.4,8.6,4.4,12.9,19.9,114.8,27.5,64.0,7.5,-0.56,6.94,114.8,107.3,7.5,99.8,0.221,0.354,0.581,0.549,11.6,22.3,0.176,0.51,13.0,77.1,0.195,663171.0,16175.0,7.0,136476474,149650.1792822132
4,Atlanta Hawks,2022,41.5,88.3,0.47,12.9,34.4,0.374,28.6,53.9,0.531,18.1,22.3,0.812,10.0,33.9,44.0,24.6,7.2,4.2,11.9,18.7,113.9,26.1,43.0,1.56,-0.01,1.55,116.5,114.9,1.6,97.7,0.253,0.39,0.581,0.543,10.8,23.0,0.205,0.543,11.5,76.9,0.177,672742.0,16408.0,1.0,135166020,148213.23069837823
5,Utah Jazz,2022,40.6,86.2,0.471,14.5,40.3,0.36,26.0,45.8,0.568,17.9,23.4,0.767,10.8,35.6,46.3,22.4,7.2,4.9,14.0,18.9,113.6,29.3,49.0,6.04,-0.37,5.67,116.7,110.5,6.2,97.1,0.271,0.468,0.589,0.555,12.7,25.4,0.208,0.521,10.9,78.3,0.164,750546.0,18306.0,2.0,149760719,164216.71655865872
6,Brooklyn Nets,2022,42.0,88.4,0.475,11.5,31.7,0.361,30.5,56.7,0.538,17.5,21.7,0.805,10.3,34.1,44.4,25.3,7.1,5.5,14.1,20.4,112.9,29.1,44.0,0.78,0.04,0.82,113.6,112.8,0.8,99.0,0.246,0.359,0.576,0.54,12.5,23.9,0.198,0.521,11.7,75.1,0.201,711539.0,17355.0,0.0,174811922,191686.04449707776
7,Denver Nuggets,2022,41.7,86.3,0.483,12.7,35.9,0.353,29.0,50.4,0.575,16.7,21.0,0.795,9.2,34.9,44.1,27.8,7.2,3.7,14.5,20.0,112.7,27.7,48.0,2.3,-0.15,2.16,114.5,112.1,2.4,97.8,0.244,0.416,0.59,0.556,13.2,21.9,0.194,0.537,11.7,78.3,0.188,695262.0,16958.0,1.0,137963926,151281.21100474795
8,Boston Celtics,2022,40.7,87.4,0.466,13.2,37.1,0.356,27.5,50.3,0.547,17.0,20.9,0.816,10.5,35.5,46.1,24.8,7.2,5.8,13.6,18.5,111.8,26.1,51.0,7.28,-0.26,7.02,114.4,106.9,7.5,96.6,0.239,0.425,0.578,0.542,12.4,24.0,0.195,0.502,12.5,77.3,0.183,785396.0,19156.0,14.0,136557646,149739.1865960503
9,Chicago Bulls,2022,41.7,86.9,0.48,10.6,28.8,0.369,31.1,58.1,0.535,17.5,21.5,0.813,8.7,33.7,42.3,23.9,7.1,4.1,12.8,18.8,111.6,26.3,46.0,-0.39,0.02,-0.38,113.2,113.6,-0.4,98.3,0.248,0.332,0.579,0.541,11.8,20.4,0.201,0.541,11.9,78.3,0.199,856148.0,20882.0,1.0,136083814,149219.61687336204
10,Golden State Warriors,2022,40.5,86.4,0.469,14.3,39.4,0.364,26.2,47.0,0.557,15.6,20.3,0.769,9.8,35.7,45.5,27.1,8.8,4.5,14.9,21.0,111.0,27.6,53.0,5.54,-0.02,5.52,112.5,106.9,5.6,98.4,0.235,0.456,0.582,0.552,13.5,22.8,0.181,0.509,13.0,78.7,0.201,740624.0,18064.0,16.0,178980766,196257.29574437754
11,Miami Heat,2022,39.6,84.8,0.467,13.6,35.8,0.379,26.0,49.0,0.531,17.3,21.4,0.808,9.8,33.9,43.7,25.5,7.4,3.2,14.6,20.5,110.0,28.2,53.0,4.45,-0.22,4.23,113.7,109.1,4.6,95.9,0.252,0.422,0.584,0.547,13.4,23.5,0.204,0.524,13.8,78.0,0.209,804761.0,19628.0,11.0,140840240,154435.16782350297
12,Philadelphia 76ers,2022,39.4,84.5,0.466,11.6,31.8,0.364,27.8,52.7,0.527,19.6,23.8,0.821,8.5,33.8,42.3,23.7,7.7,5.3,12.5,19.4,109.9,26.8,51.0,2.61,-0.04,2.57,113.5,110.8,2.7,96.2,0.282,0.376,0.578,0.534,11.6,20.1,0.232,0.524,12.1,76.8,0.192,846867.0,20655.0,6.0,148922969,163298.10081471977
13,Toronto Raptors,2022,40.6,91.3,0.445,11.9,34.2,0.349,28.7,57.1,0.503,16.2,21.3,0.759,13.4,32.0,45.3,22.1,9.0,4.6,12.5,19.6,109.4,24.8,48.0,2.29,0.08,2.38,112.9,110.5,2.4,96.0,0.234,0.375,0.543,0.51,11.0,28.4,0.177,0.535,14.4,75.6,0.199,547343.0,13350.0,2.0,134896484,147917.6771165718
14,Dallas Mavericks,2022,39.3,85.1,0.461,13.1,37.4,0.35,26.2,47.8,0.548,16.4,21.2,0.771,9.3,33.8,43.0,23.4,6.7,4.0,12.5,19.7,108.0,26.7,52.0,3.3,-0.18,3.12,112.8,109.4,3.4,95.4,0.249,0.439,0.572,0.538,11.7,21.3,0.192,0.521,12.2,78.0,0.185,808037.0,19708.0,9.0,126696965,138926.68070221608
15,Milwaukee Bucks,2021,44.7,91.8,0.487,14.4,37.1,0.389,30.3,54.7,0.554,16.2,21.4,0.76,10.3,37.8,48.1,25.5,8.1,4.6,13.8,17.3,120.1,28.1,46.0,5.89,-0.32,5.57,117.2,111.4,5.8,102.2,0.233,0.404,0.593,0.566,12.0,23.3,0.177,0.536,11.5,79.7,0.157,64780.0,1799.0,16.0,136623929,130017.60449785928
16,Brooklyn Nets,2021,43.1,87.3,0.494,14.2,36.1,0.392,29.0,51.2,0.565,18.1,22.5,0.804,8.9,35.5,44.4,26.8,6.7,5.3,13.5,19.0,118.6,28.2,48.0,4.5,-0.27,4.24,118.3,113.8,4.5,99.5,0.258,0.413,0.61,0.575,12.2,21.4,0.208,0.531,11.1,77.3,0.187,30491.0,847.0,7.0,170444633,162202.93944391524
17,Washington Wizards,2021,43.2,90.9,0.475,10.2,29.0,0.351,33.0,61.9,0.533,20.1,26.2,0.769,9.7,35.5,45.2,25.5,7.3,4.1,14.4,21.6,116.6,26.6,34.0,-1.83,-0.01,-1.85,111.2,113.0,-1.8,104.1,0.288,0.319,0.569,0.531,12.3,21.3,0.221,0.539,12.5,77.6,0.217,19198.0,533.0,1.0,131294012,124945.41073513696
18,Utah Jazz,2021,41.3,88.1,0.468,16.7,43.0,0.389,24.5,45.1,0.544,17.2,21.5,0.799,10.6,37.6,48.3,23.7,6.6,5.2,14.2,18.5,116.4,28.5,52.0,9.25,-0.29,8.97,117.6,108.3,9.3,98.5,0.244,0.488,0.597,0.563,12.7,24.5,0.195,0.507,10.3,79.3,0.159,151300.0,4203.0,6.0,136881324,130262.55339923165
19,Portland Trail Blazers,2021,41.3,91.1,0.453,15.7,40.8,0.385,25.6,50.3,0.509,17.8,21.6,0.823,10.6,33.9,44.5,21.3,6.9,5.0,11.1,18.9,116.1,27.4,42.0,1.79,0.01,1.81,117.8,116.0,1.8,98.4,0.238,0.448,0.577,0.54,9.9,23.0,0.195,0.546,11.2,77.5,0.203,5817.0,162.0,2.0,131904647,125526.51904100738
20,Phoenix Suns,2021,43.3,88.3,0.49,13.1,34.6,0.378,30.3,53.7,0.563,15.6,18.7,0.834,8.8,34.2,42.9,26.9,7.2,4.3,12.5,19.1,115.3,26.6,51.0,5.82,-0.15,5.67,117.2,111.3,5.9,97.2,0.212,0.392,0.597,0.564,11.5,20.8,0.177,0.534,12.4,78.5,0.194,104027.0,2890.0,14.0,128858241,122627.41920288236
21,Denver Nuggets,2021,43.3,89.2,0.485,12.9,34.2,0.377,30.4,55.0,0.552,15.7,19.5,0.803,10.5,33.9,44.4,26.8,8.1,4.5,13.5,19.1,115.1,26.1,47.0,4.93,-0.11,4.82,117.1,112.1,5.0,97.1,0.219,0.383,0.588,0.557,12.1,24.7,0.176,0.545,12.9,78.9,0.2,54563.0,1516.0,4.0,129793210,123517.17863631043
22,Los Angeles Clippers,2021,41.8,86.7,0.482,14.3,34.7,0.411,27.5,52.0,0.529,16.2,19.3,0.839,9.4,34.7,44.2,24.4,7.1,4.1,13.2,19.2,114.0,28.8,47.0,6.18,-0.16,6.02,117.6,111.2,6.4,96.9,0.222,0.4,0.599,0.564,12.2,22.7,0.186,0.531,11.9,79.1,0.186,13901.0,386.0,10.0,139722606,132966.4478198268
23,Atlanta Hawks,2021,40.8,87.2,0.468,12.4,33.4,0.373,28.4,53.9,0.526,19.7,24.2,0.812,10.6,35.1,45.6,24.1,7.0,4.8,13.2,19.3,113.7,25.4,41.0,2.32,-0.18,2.14,115.7,113.3,2.4,97.6,0.278,0.382,0.581,0.539,11.9,24.4,0.226,0.53,11.1,77.8,0.19,59288.0,1647.0,10.0,118804016,113059.35701091825
24,Philadelphia 76ers,2021,41.4,86.9,0.476,11.3,30.1,0.374,30.1,56.8,0.531,19.6,25.5,0.767,10.0,35.0,45.1,23.7,9.1,6.2,14.4,20.2,113.6,27.1,49.0,5.58,-0.31,5.28,113.2,107.6,5.6,99.5,0.293,0.347,0.579,0.541,12.8,23.2,0.225,0.521,13.8,78.2,0.2,68583.0,1905.0,7.0,147825311,140677.3539675546
25,Memphis Grizzlies,2021,42.8,91.8,0.467,11.2,31.4,0.356,31.7,60.4,0.525,16.4,21.3,0.771,11.2,35.3,46.5,26.9,9.1,5.1,13.3,18.7,113.3,24.2,38.0,1.03,0.04,1.07,112.0,111.0,1.0,100.4,0.232,0.342,0.56,0.528,11.6,24.2,0.179,0.535,13.1,78.3,0.196,61449.0,1707.0,1.0,132022601,125638.76948376065
26,Boston Celtics,2021,41.5,88.9,0.466,13.6,36.4,0.374,27.9,52.5,0.53,16.1,20.8,0.775,10.6,33.6,44.3,23.5,7.7,5.3,14.1,20.4,112.6,25.1,36.0,1.46,-0.14,1.32,114.0,112.5,1.5,98.3,0.234,0.409,0.574,0.543,12.5,24.3,0.181,0.539,12.8,78.1,0.215,30067.0,835.0,1.0,132931565,126503.78136505994
27,Dallas Mavericks,2021,41.1,87.3,0.47,13.8,38.1,0.362,27.3,49.2,0.554,16.5,21.2,0.778,9.1,34.2,43.3,22.9,6.3,4.3,12.1,19.4,112.4,26.3,42.0,2.26,-0.01,2.26,115.4,113.0,2.4,97.3,0.242,0.436,0.582,0.55,11.1,21.1,0.189,0.534,11.5,77.8,0.197,94849.0,2635.0,3.0,127657823,121485.04631184867
28,Los Angeles Lakers,2021,40.6,86.1,0.472,11.1,31.2,0.354,29.6,54.8,0.539,17.2,23.3,0.739,9.7,34.6,44.2,24.7,7.8,5.4,15.2,19.1,109.5,28.2,42.0,2.79,-0.03,2.77,109.9,107.1,2.8,98.7,0.271,0.363,0.569,0.536,13.6,22.5,0.2,0.526,13.7,79.7,0.184,23313.0,648.0,2.0,139334713,132597.31102929072
29,Miami Heat,2021,39.2,83.7,0.468,12.9,36.2,0.358,26.3,47.5,0.553,16.7,21.1,0.79,8.0,33.5,41.5,26.3,7.9,4.0,14.1,18.9,108.1,27.4,40.0,0.03,-0.09,-0.06,111.2,111.2,0.0,96.6,0.252,0.432,0.581,0.546,13.1,19.4,0.199,0.542,13.8,77.9,0.183,,,0.0,134731235,128216.4299764658
30,New York Knicks,2021,39.4,86.5,0.456,11.8,30.0,0.392,27.7,56.4,0.49,16.4,20.9,0.784,9.7,35.5,45.1,21.4,7.0,5.1,12.9,20.5,107.0,25.6,41.0,2.31,-0.18,2.13,110.6,108.2,2.4,95.9,0.242,0.347,0.559,0.524,11.9,21.9,0.19,0.509,11.7,78.6,0.196,42131.0,1170.0,1.0,102137151,97198.40294781841
31,Milwaukee Bucks,2020,43.3,90.9,0.476,13.8,38.9,0.355,29.5,52.0,0.567,18.3,24.7,0.742,9.5,42.2,51.7,25.9,7.2,5.9,15.1,19.6,118.7,29.2,56.0,10.08,-0.67,9.41,112.4,102.9,9.5,105.1,0.271,0.428,0.583,0.552,12.9,20.7,0.201,0.489,12.0,81.6,0.178,549036.0,17711.0,5.0,122612183,108347.47896226507
32,Houston Rockets,2020,40.8,90.4,0.451,15.6,45.3,0.345,25.1,45.2,0.557,20.6,26.1,0.791,9.8,34.5,44.3,21.6,8.7,5.2,14.7,21.8,117.8,29.2,44.0,2.96,0.17,3.13,112.9,110.1,2.8,103.7,0.288,0.501,0.578,0.537,12.6,21.0,0.228,0.529,13.7,75.6,0.197,578458.0,18077.0,5.0,128109922,113205.61088739787
33,Dallas Mavericks,2020,41.7,90.3,0.461,15.1,41.3,0.367,26.5,49.0,0.541,18.6,23.8,0.779,10.5,36.4,46.9,24.7,6.1,4.8,12.7,19.5,117.0,26.1,43.0,4.95,-0.07,4.87,116.7,111.7,5.0,99.3,0.264,0.457,0.581,0.545,11.2,23.2,0.206,0.525,10.6,77.7,0.175,682096.0,20062.0,2.0,120871082,106808.93769048396
34,Los Angeles Clippers,2020,41.6,89.2,0.466,12.4,33.5,0.371,29.1,55.8,0.522,20.8,26.3,0.791,10.7,37.0,47.7,23.7,7.1,4.7,14.6,22.1,116.3,27.4,49.0,6.44,0.21,6.66,113.9,107.6,6.3,101.5,0.295,0.375,0.577,0.535,12.6,23.5,0.233,0.506,12.2,77.6,0.206,610176.0,19068.0,7.0,131506341,116206.89042704637
35,Portland Trail Blazers,2020,42.2,91.2,0.463,12.9,34.1,0.377,29.3,57.1,0.514,17.7,22.1,0.804,10.2,35.1,45.3,20.6,6.3,6.1,12.8,21.7,115.0,27.5,35.0,-1.15,0.54,-0.61,113.7,114.8,-1.1,100.7,0.242,0.374,0.57,0.533,11.2,22.4,0.194,0.53,11.2,75.3,0.208,628303.0,19634.0,1.0,131979953,116625.4023966626
36,Boston Celtics,2020,41.3,89.6,0.461,12.6,34.5,0.364,28.7,55.0,0.522,18.6,23.2,0.801,10.7,35.4,46.1,23.0,8.3,5.6,13.8,21.6,113.7,25.3,48.0,6.31,-0.47,5.83,113.3,107.0,6.3,99.5,0.259,0.386,0.57,0.531,12.2,23.9,0.207,0.509,13.5,77.4,0.215,610864.0,19090.0,10.0,117759332,104059.20875318229
37,Los Angeles Lakers,2020,42.3,88.3,0.48,11.0,31.6,0.349,31.3,56.7,0.552,17.7,24.3,0.729,10.7,35.1,45.7,25.4,8.6,6.6,15.2,20.7,113.4,29.5,52.0,5.79,0.49,6.28,112.0,106.3,5.7,100.9,0.276,0.358,0.573,0.542,13.3,24.5,0.201,0.515,14.1,78.8,0.205,588907.0,18997.0,16.0,123971686,109548.81735366813
38,Toronto Raptors,2020,40.2,87.9,0.458,13.8,37.0,0.374,26.4,50.9,0.519,18.5,23.2,0.796,9.5,35.9,45.4,25.2,8.8,5.0,14.8,21.7,112.8,26.6,53.0,6.24,-0.26,5.97,111.1,105.0,6.1,100.9,0.264,0.421,0.574,0.536,13.1,21.3,0.21,0.502,14.6,76.7,0.202,633456.0,19796.0,7.0,122463495,108216.08932741989
39,Miami Heat,2020,39.5,84.4,0.468,13.4,35.4,0.379,26.0,49.0,0.532,19.7,25.2,0.783,8.5,35.9,44.4,25.9,7.5,4.5,14.9,20.6,112.0,25.9,44.0,2.95,-0.35,2.59,112.5,109.5,3.0,98.3,0.299,0.419,0.587,0.547,13.5,20.3,0.234,0.523,12.6,79.5,0.213,629771.0,19680.0,14.0,129867871,114759.04006249244
40,Brooklyn Nets,2020,40.4,90.3,0.448,13.1,38.1,0.343,27.3,52.1,0.524,17.9,24.1,0.745,10.6,37.3,47.9,24.5,6.4,4.5,15.3,21.0,111.8,26.3,35.0,-0.57,-0.44,-1.01,108.9,109.5,-0.6,101.4,0.267,0.423,0.554,0.52,13.1,23.2,0.199,0.511,11.0,77.8,0.187,524907.0,16403.0,0.0,118889943,105058.28444484505
41,Denver Nuggets,2020,42.0,88.9,0.473,11.0,30.6,0.359,31.1,58.3,0.533,16.2,20.9,0.777,10.8,33.4,44.1,26.7,8.0,4.6,13.8,20.3,111.3,25.6,46.0,2.11,0.24,2.35,113.1,111.0,2.1,97.1,0.235,0.344,0.567,0.535,12.3,24.8,0.183,0.533,12.9,76.8,0.198,633153.0,19186.0,9.0,128746180,113767.84661783562
42,Utah Jazz,2020,40.1,85.1,0.471,13.4,35.2,0.38,26.7,49.9,0.535,17.8,22.8,0.779,9.1,35.8,44.9,22.4,6.1,4.1,15.1,20.4,111.3,27.3,44.0,2.47,0.05,2.52,112.3,109.9,2.4,98.6,0.268,0.414,0.585,0.549,13.7,21.6,0.208,0.518,11.1,78.9,0.185,567486.0,18306.0,3.0,118910311,105076.28283128192
43,Philadelphia 76ers,2020,41.1,87.9,0.468,11.6,31.6,0.368,29.5,56.3,0.524,16.9,22.4,0.755,10.5,35.0,45.4,25.8,8.0,5.3,14.2,20.9,110.7,26.3,43.0,2.38,-0.13,2.25,111.3,109.0,2.3,99.0,0.255,0.36,0.566,0.534,12.7,23.9,0.193,0.523,12.5,80.3,0.214,639491.0,20629.0,0.0,129912339,114798.33465440501
44,Oklahoma City Thunder,2020,40.0,85.5,0.468,10.7,30.2,0.355,29.3,55.3,0.529,19.8,24.8,0.796,8.2,34.7,42.9,21.7,7.6,4.9,13.7,19.3,110.4,25.5,44.0,1.99,0.34,2.33,110.8,108.8,2.0,98.8,0.29,0.353,0.573,0.53,12.4,19.3,0.231,0.518,12.6,76.8,0.173,600699.0,18203.0,3.0,132017938,116658.9682209362
45,Indiana Pacers,2020,42.1,88.5,0.476,10.2,28.0,0.363,31.9,60.4,0.529,15.0,19.1,0.787,8.7,34.1,42.8,25.9,7.4,5.2,13.2,19.8,109.4,25.6,45.0,1.96,-0.33,1.63,110.0,108.0,2.0,98.9,0.216,0.317,0.565,0.534,12.0,20.0,0.17,0.511,13.0,76.7,0.192,529002.0,16531.0,0.0,112872260,99740.698815984
46,Orlando Magic,2020,39.3,88.6,0.444,11.1,32.2,0.343,28.3,56.4,0.502,17.6,22.7,0.774,10.3,34.2,44.5,23.9,8.2,5.4,12.8,18.3,107.3,26.1,33.0,-1.01,0.09,-0.93,108.5,109.5,-1.0,98.6,0.256,0.364,0.544,0.506,11.5,22.3,0.198,0.535,13.2,79.1,0.176,529870.0,17093.0,1.0,126095610,111425.64398930065
47,Milwaukee Bucks,2019,43.4,91.1,0.476,13.5,38.2,0.353,29.9,52.9,0.565,17.9,23.2,0.773,9.3,40.4,49.7,26.0,7.5,5.9,13.9,19.6,118.1,26.9,60.0,8.87,-0.82,8.04,113.8,105.2,8.6,103.3,0.255,0.419,0.583,0.55,12.0,20.8,0.197,0.503,11.5,80.3,0.162,721692.0,17602.0,10.0,130988604,124501.21898247993
48,Golden State Warriors,2019,44.0,89.8,0.491,13.3,34.4,0.385,30.8,55.3,0.557,16.3,20.4,0.801,9.7,36.5,46.2,29.4,7.6,6.4,14.3,21.4,117.7,28.4,57.0,6.46,-0.04,6.42,115.9,109.5,6.4,100.9,0.227,0.384,0.596,0.565,12.6,22.5,0.182,0.508,11.7,77.1,0.205,803436.0,19596.0,14.0,146291276,139046.00577697897
49,Philadelphia 76ers,2019,41.5,88.2,0.471,10.8,30.2,0.359,30.7,58.0,0.529,21.2,27.5,0.771,10.9,36.9,47.8,26.9,7.4,5.3,14.9,21.3,115.2,26.4,51.0,2.7,-0.44,2.25,112.6,110.0,2.6,101.6,0.312,0.342,0.574,0.532,12.9,24.5,0.241,0.512,11.1,78.6,0.206,838342.0,20447.0,7.0,115127167,109425.34076857202
50,Los Angeles Clippers,2019,41.3,87.5,0.471,10.0,25.8,0.388,31.3,61.7,0.507,22.6,28.5,0.792,9.7,35.8,45.5,24.0,6.8,4.7,14.5,23.3,115.1,27.2,48.0,0.85,0.23,1.09,112.4,111.5,0.9,101.7,0.326,0.295,0.575,0.529,12.7,22.0,0.258,0.514,11.4,76.0,0.224,710327.0,17325.0,2.0,118026816,112181.38079111726
51,Portland Trail Blazers,2019,42.3,90.6,0.467,11.0,30.7,0.359,31.3,59.8,0.523,19.0,23.3,0.814,11.8,36.2,48.0,23.0,6.7,5.0,13.8,20.4,114.7,26.2,53.0,4.2,0.24,4.43,114.7,110.5,4.2,99.1,0.258,0.339,0.568,0.528,12.1,26.6,0.21,0.516,11.0,77.9,0.195,799345.0,19496.0,8.0,130256600,123805.46845520465
52,Oklahoma City Thunder,2019,42.6,94.0,0.454,11.4,32.6,0.348,31.3,61.3,0.51,17.8,25.0,0.713,12.6,35.5,48.1,23.4,9.3,5.2,14.0,22.4,114.5,25.7,49.0,3.4,0.15,3.56,110.3,107.0,3.3,102.8,0.266,0.347,0.545,0.514,11.7,26.0,0.19,0.523,14.4,78.2,0.206,746323.0,18203.0,1.0,144916427,137739.24800424292
53,Toronto Raptors,2019,42.2,89.1,0.474,12.4,33.8,0.366,29.8,55.3,0.539,17.7,22.0,0.804,9.6,35.6,45.2,25.4,8.3,5.3,14.0,21.0,114.4,27.3,58.0,6.09,-0.6,5.49,113.1,107.1,6.0,100.2,0.247,0.379,0.579,0.543,12.4,21.9,0.198,0.509,13.1,77.1,0.19,812822.0,19825.0,16.0,137793831,130969.40805450396
54,Houston Rockets,2019,39.2,87.4,0.449,16.1,45.4,0.356,23.1,42.0,0.551,19.3,24.4,0.791,10.2,31.9,42.1,21.2,8.5,4.9,13.3,22.0,113.9,29.2,53.0,4.77,0.19,4.96,115.5,110.7,4.8,97.9,0.279,0.519,0.581,0.542,12.0,22.8,0.221,0.525,13.4,74.4,0.21,740392.0,18058.0,6.0,126474100,120210.30180390397
55,Boston Celtics,2019,42.1,90.5,0.465,12.6,34.5,0.365,29.5,56.0,0.527,15.6,19.5,0.802,9.8,34.7,44.5,26.3,8.6,5.3,12.8,20.4,112.4,25.7,49.0,4.44,-0.54,3.9,112.2,107.8,4.4,99.6,0.215,0.381,0.567,0.534,11.5,21.6,0.173,0.514,13.4,77.0,0.198,763584.0,18624.0,5.0,125334993,119127.61059473989
56,Brooklyn Nets,2019,40.3,89.7,0.449,12.8,36.2,0.353,27.5,53.6,0.513,19.0,25.5,0.745,11.0,35.6,46.6,23.8,6.6,4.1,15.1,21.5,112.2,25.4,42.0,-0.07,-0.33,-0.4,109.6,109.7,-0.1,100.8,0.284,0.403,0.556,0.52,13.0,23.8,0.211,0.512,11.6,76.4,0.19,612597.0,14941.0,1.0,118850600,112964.3657916923
57,San Antonio Spurs,2019,42.3,88.4,0.478,9.9,25.3,0.392,32.4,63.1,0.513,17.2,21.0,0.819,9.2,35.5,44.7,24.5,6.1,4.7,12.1,18.1,111.7,28.8,48.0,1.68,0.12,1.8,112.9,111.2,1.7,98.3,0.237,0.286,0.572,0.534,11.0,21.0,0.194,0.528,11.0,79.4,0.17,750616.0,18308.0,3.0,121588790,115566.94328618668
58,Utah Jazz,2019,40.4,86.4,0.468,12.1,34.0,0.356,28.3,52.4,0.541,18.8,25.5,0.736,10.0,36.4,46.4,26.0,8.1,5.9,15.1,21.1,111.7,27.3,50.0,5.26,0.03,5.28,110.9,105.7,5.2,100.3,0.295,0.394,0.572,0.538,13.4,22.9,0.217,0.507,12.4,80.3,0.189,750546.0,18306.0,1.0,113826156,108188.76407057457
59,Denver Nuggets,2019,41.9,90.0,0.466,11.0,31.4,0.351,30.9,58.7,0.527,15.8,20.9,0.755,11.9,34.5,46.4,27.4,7.7,4.4,13.4,20.0,110.7,24.9,54.0,3.95,0.24,4.19,113.0,108.9,4.1,97.7,0.232,0.348,0.558,0.527,11.9,26.6,0.175,0.521,12.3,78.0,0.194,756457.0,18450.0,7.0,118327016,112466.71298641678
60,Indiana Pacers,2019,41.3,87.0,0.475,9.5,25.4,0.374,31.8,61.6,0.517,15.8,21.1,0.752,9.3,33.7,43.0,26.0,8.7,4.9,13.7,19.4,108.0,27.0,48.0,3.33,-0.57,2.76,109.9,106.5,3.4,98.1,0.242,0.292,0.561,0.53,12.4,21.9,0.182,0.516,14.1,76.2,0.184,689310.0,16812.0,0.0,110724804,105241.01065766125
61,Orlando Magic,2019,40.4,89.1,0.454,11.4,32.1,0.356,29.0,57.0,0.509,15.0,19.2,0.782,10.0,35.4,45.4,25.5,6.6,5.4,13.2,18.6,107.3,25.7,42.0,0.71,-0.43,0.28,108.9,108.1,0.8,98.1,0.216,0.36,0.55,0.518,11.9,22.0,0.168,0.515,11.8,79.7,0.186,720024.0,17431.0,1.0,114394213,108728.68729131162
62,Detroit Pistons,2019,38.8,88.3,0.44,12.1,34.8,0.348,26.7,53.5,0.5,17.3,23.1,0.747,11.4,33.6,45.0,22.5,6.9,4.0,13.8,22.1,107.0,26.9,41.0,-0.24,-0.31,-0.56,109.0,109.2,-0.2,97.4,0.262,0.394,0.544,0.509,12.3,24.8,0.195,0.526,12.8,78.7,0.211,675963.0,16487.0,0.0,126557932,120289.9819124861
63,Golden State Warriors,2018,42.8,85.1,0.503,11.3,28.9,0.391,31.5,56.2,0.56,16.6,20.3,0.815,8.4,35.1,43.5,29.3,8.0,7.5,15.5,19.6,113.5,28.8,58.0,5.98,-0.19,5.79,113.6,107.6,6.0,99.6,0.239,0.339,0.603,0.569,14.1,21.0,0.195,0.504,12.6,76.3,0.186,803436.0,19596.0,16.0,137610134,140115.3973037918
64,Houston Rockets,2018,38.7,84.2,0.46,15.3,42.3,0.362,23.4,41.9,0.558,19.6,25.1,0.781,9.0,34.5,43.5,21.5,8.5,4.8,13.8,19.5,112.4,29.8,65.0,8.48,-0.27,8.21,114.7,106.1,8.6,97.6,0.298,0.502,0.59,0.551,12.7,21.3,0.233,0.521,13.4,79.9,0.171,732722.0,17871.0,11.0,119905532,122088.47391357472
65,Toronto Raptors,2018,41.3,87.4,0.472,11.8,33.0,0.358,29.5,54.4,0.541,17.3,21.8,0.794,9.8,34.2,44.0,24.3,7.6,6.1,13.4,21.7,111.7,25.8,59.0,7.78,-0.49,7.29,113.8,105.9,7.9,97.4,0.25,0.377,0.575,0.539,12.1,23.0,0.198,0.501,13.0,77.7,0.212,813431.0,19840.0,4.0,116929373,119058.13240744511
66,Cleveland Cavaliers,2018,40.4,84.8,0.476,12.0,32.1,0.372,28.4,52.6,0.54,18.1,23.3,0.779,8.5,33.7,42.1,23.4,7.1,3.8,13.7,18.6,110.9,30.6,50.0,0.94,-0.35,0.59,112.9,111.9,1.0,98.0,0.275,0.379,0.584,0.547,12.6,20.1,0.214,0.54,12.2,77.3,0.166,843042.0,20562.0,12.0,137722926,140230.2427401947
67,Philadelphia 76ers,2018,40.8,86.6,0.472,11.0,29.8,0.369,29.9,56.7,0.526,17.1,22.8,0.752,10.9,36.5,47.4,27.1,8.3,5.1,16.5,22.1,109.8,25.8,52.0,4.5,-0.2,4.3,109.5,105.0,4.5,99.8,0.263,0.344,0.568,0.535,14.6,25.3,0.198,0.492,12.6,78.6,0.218,833503.0,20361.0,5.0,100797386,102632.45428257239
68,Minnesota Timberwolves,2018,41.0,86.1,0.476,8.0,22.5,0.357,33.0,63.6,0.519,19.4,24.1,0.804,10.3,31.6,42.0,22.7,8.4,4.2,12.5,18.2,109.5,27.1,47.0,2.23,0.12,2.35,113.4,111.1,2.3,96.0,0.28,0.261,0.566,0.523,11.4,24.4,0.225,0.539,13.9,76.4,0.189,699308.0,17056.0,1.0,116075131,118188.33849224128
69,Oklahoma City Thunder,2018,39.9,88.1,0.453,10.7,30.4,0.354,29.1,57.7,0.505,17.3,24.2,0.716,12.5,32.6,45.1,21.3,9.1,5.0,14.0,20.2,107.9,27.3,48.0,3.41,0.0,3.42,110.7,107.2,3.5,96.7,0.275,0.345,0.546,0.514,12.4,27.7,0.197,0.525,14.7,77.4,0.193,746322.0,18203.0,2.0,134534640,136983.91235286932
70,Washington Wizards,2018,39.9,85.6,0.467,9.9,26.5,0.375,30.0,59.1,0.508,16.8,21.8,0.772,10.0,33.1,43.1,25.2,7.9,4.3,14.6,21.3,106.6,26.9,43.0,0.59,-0.06,0.53,109.3,108.7,0.6,96.6,0.254,0.31,0.56,0.525,13.3,23.5,0.196,0.522,13.6,77.1,0.212,739302.0,18032.0,2.0,123306396,125551.25239278296
71,Milwaukee Bucks,2018,39.7,83.0,0.478,8.8,24.7,0.355,31.0,58.3,0.531,18.3,23.4,0.783,8.4,31.5,39.8,23.2,8.8,5.4,13.8,21.4,106.5,25.9,44.0,-0.3,-0.15,-0.45,109.8,110.1,-0.3,96.2,0.281,0.297,0.571,0.531,12.9,20.4,0.22,0.528,14.2,75.9,0.22,685303.0,16856.0,3.0,120521249,122715.40035840834
72,Indiana Pacers,2018,40.8,86.4,0.472,9.0,24.5,0.369,31.8,61.9,0.513,14.9,19.2,0.779,9.6,32.7,42.3,22.2,8.8,4.1,13.3,18.8,105.6,26.2,48.0,1.38,-0.2,1.18,109.5,108.1,1.4,96.0,0.222,0.284,0.557,0.525,12.3,22.7,0.173,0.527,14.2,76.2,0.174,658119.0,16052.0,3.0,95271736,97006.206980817
73,Portland Trail Blazers,2018,39.3,87.0,0.452,10.3,28.1,0.366,29.0,58.8,0.493,16.7,20.9,0.8,10.2,35.3,45.5,19.5,7.0,5.2,13.5,19.5,105.6,25.6,49.0,2.6,0.0,2.6,109.1,106.4,2.7,96.5,0.24,0.324,0.549,0.511,12.3,23.3,0.192,0.503,11.7,79.1,0.193,795750.0,19409.0,0.0,118708146,120869.2888852686
74,Utah Jazz,2018,38.3,82.9,0.462,10.8,29.6,0.366,27.5,53.3,0.515,16.8,21.5,0.779,9.0,34.2,43.3,22.4,8.6,5.1,14.7,19.6,104.1,26.7,48.0,4.3,0.17,4.47,108.4,103.9,4.5,95.7,0.26,0.357,0.564,0.527,13.7,21.5,0.202,0.506,14.0,79.8,0.19,734806.0,17922.0,5.0,105606838,107529.46483118153
75,Boston Celtics,2018,38.3,85.1,0.45,11.5,30.4,0.377,26.9,54.7,0.491,16.0,20.7,0.771,9.4,35.1,44.5,22.5,7.4,4.5,14.0,19.7,104.0,24.7,55.0,3.59,-0.35,3.23,107.6,103.9,3.7,96.0,0.243,0.357,0.552,0.518,13.0,21.5,0.188,0.495,13.0,78.4,0.191,763584.0,18624.0,11.0,115284776,117383.59467274875
76,Miami Heat,2018,38.8,85.3,0.455,11.0,30.6,0.36,27.8,54.8,0.508,14.7,19.5,0.755,9.3,34.2,43.5,22.7,7.6,5.3,14.4,20.1,103.4,26.5,44.0,0.48,-0.33,0.15,106.8,106.3,0.5,95.6,0.229,0.358,0.551,0.52,13.3,21.5,0.173,0.507,13.1,79.0,0.215,804850.0,19630.0,1.0,133624374,136057.07449191544
77,San Antonio Spurs,2018,39.0,85.4,0.457,8.5,24.1,0.352,30.6,61.2,0.499,16.1,20.9,0.772,10.4,33.9,44.2,22.8,7.7,5.6,13.1,17.2,102.7,29.3,47.0,2.89,0.0,2.89,107.9,104.8,3.1,95.0,0.245,0.282,0.543,0.507,12.2,23.7,0.189,0.507,13.2,78.6,0.17,754562.0,18404.0,1.0,114633844,116720.81212071844
78,Golden State Warriors,2017,43.1,87.1,0.495,12.0,31.2,0.383,31.1,55.8,0.557,17.8,22.6,0.788,9.4,35.0,44.4,30.4,9.6,6.8,14.8,19.3,115.9,28.2,67.0,11.63,-0.28,11.35,115.6,104.0,11.6,99.8,0.259,0.359,0.597,0.563,13.2,22.8,0.204,0.486,13.5,74.9,0.198,803436.0,19596.0,16.0,101584835,122834.31095504633
79,Houston Rockets,2017,40.3,87.2,0.462,14.4,40.3,0.357,25.9,46.9,0.552,20.3,26.5,0.766,10.9,33.5,44.4,25.2,8.2,4.3,15.1,19.9,115.3,27.4,55.0,5.77,0.08,5.84,114.7,109.0,5.7,100.0,0.304,0.462,0.583,0.545,13.3,24.6,0.233,0.519,13.2,75.8,0.194,695903.0,16973.0,6.0,90956067,109982.22143222488
80,Cleveland Cavaliers,2017,39.9,84.9,0.47,13.0,33.9,0.384,26.9,51.0,0.528,17.5,23.3,0.748,9.3,34.4,43.7,22.7,6.6,4.0,13.7,18.1,110.3,29.2,51.0,3.18,-0.31,2.87,113.6,110.3,3.3,96.2,0.275,0.399,0.58,0.547,12.6,21.9,0.206,0.516,11.4,75.8,0.174,843042.0,20562.0,13.0,128522489,155406.77285681982
81,Washington Wizards,2017,41.3,87.0,0.475,9.2,24.8,0.372,32.1,62.3,0.515,17.3,22.1,0.784,10.3,32.6,42.9,23.9,8.5,4.1,14.2,21.3,109.2,26.0,49.0,1.8,-0.45,1.36,111.2,109.3,1.9,97.4,0.254,0.284,0.564,0.528,12.8,24.1,0.199,0.524,13.8,75.5,0.213,697107.0,17003.0,7.0,104016580,125774.72742068688
82,Los Angeles Clippers,2017,39.5,83.2,0.475,10.3,27.4,0.375,29.3,55.8,0.525,19.3,26.0,0.745,9.0,34.0,43.0,22.5,7.5,4.2,13.0,19.8,108.7,30.0,51.0,4.29,0.13,4.42,112.7,108.2,4.5,96.1,0.312,0.329,0.574,0.537,12.0,21.5,0.233,0.506,12.1,76.9,0.211,782609.0,19088.0,3.0,114756766,138761.5413170626
83,Boston Celtics,2017,38.6,85.1,0.454,12.0,33.4,0.359,26.6,51.7,0.515,18.7,23.2,0.807,9.1,32.9,42.0,25.2,7.5,4.1,13.3,20.6,108.0,25.9,53.0,2.63,-0.39,2.25,111.2,108.4,2.8,96.8,0.273,0.393,0.567,0.525,12.2,21.2,0.22,0.503,12.6,75.3,0.223,760690.0,18553.0,9.0,93465326,113016.36624599308
84,Portland Trail Blazers,2017,39.5,86.1,0.459,10.4,27.7,0.375,29.2,58.4,0.499,18.5,23.7,0.78,10.1,33.5,43.7,21.1,7.0,5.0,13.7,21.2,107.9,24.8,41.0,-0.52,0.3,-0.23,110.3,110.8,-0.5,96.7,0.275,0.322,0.559,0.52,12.5,23.0,0.214,0.508,11.6,76.8,0.241,792029.0,19318.0,0.0,119732234,144777.7757624784
85,Toronto Raptors,2017,39.2,84.4,0.464,8.8,24.3,0.363,30.3,60.0,0.505,19.7,24.7,0.796,10.6,32.6,43.3,18.5,8.3,4.9,12.7,20.8,106.9,26.1,51.0,4.21,-0.56,3.65,112.3,107.8,4.5,94.7,0.293,0.289,0.561,0.517,11.8,25.0,0.233,0.507,13.5,76.3,0.223,813050.0,19830.0,4.0,108599970,131316.869143792
86,Oklahoma City Thunder,2017,39.5,87.4,0.452,8.4,25.8,0.327,31.0,61.6,0.504,19.2,25.8,0.745,12.2,34.4,46.6,21.0,7.9,5.0,15.0,20.9,106.6,24.7,47.0,0.76,0.39,1.14,108.3,107.5,0.8,97.8,0.295,0.295,0.54,0.5,13.2,27.9,0.22,0.511,12.5,79.0,0.218,746323.0,18203.0,1.0,91230089,110313.56324674397
87,San Antonio Spurs,2017,39.3,83.7,0.469,9.2,23.5,0.391,30.1,60.2,0.5,17.6,22.0,0.797,10.0,33.9,43.9,23.8,8.0,5.9,13.4,18.3,105.3,29.6,61.0,7.2,-0.06,7.13,111.1,103.5,7.6,94.2,0.263,0.281,0.564,0.524,12.6,24.0,0.21,0.492,13.5,77.6,0.192,755347.0,18423.0,8.0,112017779,135449.61409032813
88,Indiana Pacers,2017,39.3,84.5,0.465,8.6,23.0,0.376,30.6,61.5,0.498,17.9,22.1,0.81,9.0,33.0,42.0,22.5,8.2,5.0,13.8,19.5,105.1,27.0,42.0,-0.22,-0.42,-0.64,108.6,108.8,-0.2,95.9,0.261,0.272,0.558,0.516,12.8,21.2,0.212,0.512,13.6,75.5,0.225,684578.0,16697.0,0.0,90279072,109163.61288356688
89,Milwaukee Bucks,2017,38.8,81.9,0.474,8.8,23.7,0.37,30.0,58.2,0.516,17.2,22.4,0.768,8.8,31.6,40.4,24.2,8.1,5.3,14.0,20.2,103.6,25.6,42.0,-0.18,-0.26,-0.45,109.1,109.3,-0.2,94.5,0.274,0.29,0.565,0.527,13.2,21.5,0.21,0.518,13.6,75.4,0.215,648952.0,15828.0,2.0,96245877,116378.55181395078
90,Atlanta Hawks,2017,38.1,84.4,0.451,8.9,26.1,0.341,29.2,58.3,0.501,18.1,24.9,0.728,10.3,34.1,44.3,23.6,8.2,4.8,15.8,18.2,103.2,27.9,43.0,-0.85,-0.38,-1.23,104.9,105.7,-0.8,97.4,0.295,0.309,0.541,0.504,14.2,23.6,0.215,0.507,13.8,76.1,0.179,654306.0,15959.0,2.0,96315163,116462.33103226453
91,Chicago Bulls,2017,38.6,87.1,0.444,7.6,22.3,0.34,31.0,64.8,0.479,18.0,22.5,0.798,12.2,34.1,46.3,22.6,7.8,4.8,13.6,17.7,102.9,26.9,41.0,0.43,-0.39,0.03,107.4,107.0,0.4,95.3,0.259,0.256,0.53,0.487,12.3,27.0,0.206,0.507,12.4,76.8,0.169,888882.0,21680.0,2.0,92522306,111876.08569214045
92,Utah Jazz,2017,37.0,79.5,0.466,9.6,26.0,0.372,27.3,53.5,0.511,17.1,22.9,0.747,9.4,33.8,43.2,20.1,6.7,5.0,13.6,18.8,100.7,26.8,51.0,3.94,0.06,4.0,109.6,105.3,4.3,91.6,0.288,0.327,0.563,0.526,13.2,23.2,0.215,0.493,11.8,78.9,0.195,806142.0,19662.0,4.0,80138192,96901.46758129011
93,Memphis Grizzlies,2017,36.4,83.6,0.435,9.4,26.5,0.354,27.0,57.1,0.473,18.3,23.4,0.784,10.8,32.0,42.8,21.3,8.0,4.2,12.9,22.4,100.5,29.5,43.0,0.49,0.47,0.96,107.7,107.1,0.6,92.3,0.28,0.316,0.535,0.491,12.1,24.8,0.219,0.506,13.6,77.5,0.256,677314.0,16520.0,2.0,110083520,133110.747551109
94,Golden State Warriors,2016,42.5,87.3,0.487,13.1,31.6,0.416,29.4,55.7,0.528,16.7,21.8,0.763,10.0,36.2,46.2,28.9,8.4,6.1,15.2,20.7,114.9,27.4,73.0,10.76,-0.38,10.38,114.5,103.8,10.7,99.3,0.25,0.362,0.593,0.563,13.5,23.5,0.191,0.479,12.6,76.0,0.208,803436.0,19596.0,15.0,93669566,124062.8568628256
95,Oklahoma City Thunder,2016,41.1,86.4,0.476,8.3,23.7,0.349,32.9,62.6,0.524,19.7,25.2,0.782,13.1,35.6,48.6,23.0,7.4,5.9,15.9,20.6,110.2,25.8,55.0,7.28,-0.19,7.09,113.1,105.6,7.5,96.7,0.292,0.275,0.565,0.524,14.0,31.1,0.228,0.484,11.7,76.0,0.205,746323.0,18203.0,11.0,95708387,126763.22122548232
96,Houston Rockets,2016,37.7,83.5,0.452,10.7,30.9,0.347,27.0,52.6,0.514,20.4,29.4,0.694,11.3,31.7,43.1,22.2,10.0,5.2,15.9,21.8,106.5,27.8,41.0,0.2,0.14,0.34,108.3,108.1,0.2,97.6,0.352,0.37,0.553,0.516,14.2,25.7,0.244,0.516,14.7,72.8,0.219,737244.0,17982.0,1.0,87504058,115896.80497260326
97,Boston Celtics,2016,39.2,89.2,0.439,8.7,26.1,0.335,30.5,63.1,0.483,18.5,23.5,0.788,11.6,33.3,44.9,24.2,9.2,4.2,13.7,21.9,105.7,25.2,48.0,3.21,-0.37,2.84,106.8,103.6,3.2,98.5,0.264,0.293,0.531,0.488,12.1,25.1,0.208,0.487,14.6,74.6,0.231,749076.0,18270.0,2.0,77141919,102172.42658112333
98,Portland Trail Blazers,2016,38.6,85.9,0.45,10.5,28.5,0.37,28.1,57.4,0.49,17.4,23.0,0.754,11.6,33.9,45.5,21.3,6.9,4.6,14.6,21.7,105.1,24.3,44.0,0.83,0.15,0.98,108.8,108.0,0.8,96.0,0.268,0.332,0.548,0.511,13.2,25.9,0.202,0.503,12.1,76.2,0.225,794085.0,19368.0,5.0,61685814,81701.22527042437
99,Los Angeles Clippers,2016,38.3,82.4,0.465,9.7,26.7,0.364,28.6,55.7,0.513,18.2,26.2,0.692,8.8,33.3,42.0,22.8,8.6,5.6,13.0,21.3,104.5,29.7,53.0,4.28,-0.15,4.13,108.3,103.8,4.5,95.8,0.318,0.324,0.556,0.524,12.1,20.1,0.22,0.48,13.8,73.8,0.222,786910.0,19193.0,2.0,97019321,128499.51855388685
100,Cleveland Cavaliers,2016,38.7,84.0,0.46,10.7,29.6,0.362,27.9,54.4,0.514,16.3,21.7,0.748,10.6,33.9,44.5,22.7,6.7,3.9,13.6,20.3,104.3,28.1,57.0,6.0,-0.55,5.45,110.9,104.5,6.4,93.3,0.259,0.352,0.558,0.524,12.7,25.1,0.194,0.496,12.6,78.5,0.205,843042.0,20562.0,16.0,108300458,143441.08543251344
101,San Antonio Spurs,2016,40.1,82.9,0.484,7.0,18.5,0.375,33.2,64.4,0.515,16.4,20.4,0.803,9.4,34.5,43.9,24.5,8.3,5.9,13.1,17.5,103.5,30.3,67.0,10.63,-0.36,10.28,110.3,99.0,11.3,93.8,0.246,0.223,0.564,0.526,12.4,23.0,0.197,0.477,14.1,79.1,0.182,756445.0,18450.0,6.0,87832839,116332.26669068378
102,Atlanta Hawks,2016,38.6,84.4,0.458,9.9,28.4,0.35,28.7,56.1,0.512,15.6,20.0,0.783,8.3,33.8,42.1,25.6,9.1,5.9,15.0,19.1,102.8,28.2,48.0,3.61,-0.12,3.49,105.1,101.4,3.7,97.1,0.237,0.336,0.552,0.516,13.8,19.1,0.185,0.48,14.4,74.6,0.194,690150.0,16833.0,4.0,71661760,94914.10127189188
103,Toronto Raptors,2016,36.7,81.3,0.451,8.6,23.4,0.37,28.0,58.0,0.483,20.8,26.7,0.777,10.2,33.2,43.4,18.7,7.8,5.5,13.1,19.6,102.7,26.3,56.0,4.5,-0.42,4.08,110.0,105.2,4.8,92.9,0.328,0.287,0.552,0.504,12.3,24.6,0.255,0.498,12.7,77.7,0.201,812863.0,19826.0,10.0,71591189,94820.6318533225
104,Dallas Mavericks,2016,37.4,84.1,0.444,9.8,28.6,0.344,27.5,55.6,0.495,17.7,22.3,0.794,9.2,33.9,43.1,22.1,6.8,3.7,12.8,19.5,102.3,30.3,42.0,-0.3,0.29,-0.02,106.7,107.0,-0.3,94.3,0.265,0.339,0.544,0.502,12.0,20.6,0.211,0.504,12.8,76.2,0.198,825901.0,20144.0,1.0,75397067,99861.41636545931
105,Indiana Pacers,2016,38.3,85.2,0.45,8.1,23.0,0.351,30.2,62.1,0.486,17.4,22.8,0.764,10.3,33.9,44.2,21.2,9.0,4.8,14.9,20.0,102.2,26.9,45.0,1.71,-0.09,1.62,104.6,102.9,1.7,96.6,0.268,0.27,0.536,0.497,13.5,23.4,0.205,0.489,14.3,76.0,0.205,690733.0,16847.0,3.0,71605233,94839.23275899747
106,Detroit Pistons,2016,37.9,86.4,0.439,9.0,26.2,0.345,28.9,60.2,0.48,17.1,25.5,0.668,12.5,33.9,46.3,19.4,7.0,3.7,13.5,19.0,102.0,25.0,44.0,0.61,-0.18,0.43,106.1,105.5,0.6,95.1,0.296,0.303,0.522,0.491,12.2,27.0,0.197,0.504,12.5,79.3,0.196,677138.0,16516.0,0.0,77256014,102323.54238381387
107,Miami Heat,2016,38.4,81.7,0.47,6.1,18.0,0.336,32.3,63.6,0.508,17.1,23.0,0.744,9.8,34.3,44.1,20.8,6.7,6.5,14.1,18.3,100.0,28.4,48.0,1.65,-0.14,1.5,106.1,104.4,1.7,93.6,0.282,0.221,0.545,0.508,13.3,23.8,0.21,0.485,12.1,77.8,0.196,809350.0,19740.0,7.0,85764781,113593.17869663861
108,Memphis Grizzlies,2016,36.8,83.6,0.44,6.1,18.5,0.331,30.7,65.1,0.471,19.3,24.7,0.783,11.2,30.5,41.6,20.7,8.8,4.3,13.3,21.7,99.1,30.5,42.0,-2.24,0.11,-2.14,105.4,107.8,-2.4,93.3,0.295,0.222,0.524,0.477,12.3,25.3,0.231,0.518,15.2,75.1,0.251,701894.0,17119.0,0.0,83223881,110227.82400926072
109,Golden State Warriors,2015,41.6,87.0,0.478,10.8,27.0,0.398,30.8,60.0,0.514,16.0,20.8,0.768,10.4,34.3,44.7,27.4,9.3,6.0,14.5,19.9,110.0,26.6,67.0,10.1,-0.09,10.01,111.6,101.4,10.2,98.3,0.239,0.311,0.571,0.54,13.1,24.1,0.184,0.47,14.3,74.5,0.217,803436.0,19596.0,16.0,73611166,102846.81223244325
110,Los Angeles Clippers,2015,39.4,83.3,0.473,10.1,26.9,0.376,29.3,56.4,0.519,17.9,25.2,0.71,9.6,33.1,42.6,24.8,7.8,5.0,12.3,21.3,106.7,28.8,56.0,6.59,0.22,6.8,112.4,105.5,6.9,94.7,0.303,0.322,0.565,0.533,11.6,22.8,0.215,0.493,13.2,75.7,0.231,785892.0,19168.0,7.0,85259447,119121.36178702762
111,Dallas Mavericks,2015,39.7,85.8,0.463,8.9,25.4,0.352,30.8,60.4,0.509,16.9,22.5,0.752,10.5,31.8,42.3,22.5,8.1,4.5,13.0,20.0,105.2,29.9,50.0,2.9,0.46,3.36,109.5,106.4,3.1,95.2,0.262,0.296,0.55,0.515,11.9,23.6,0.197,0.503,14.7,72.2,0.204,827702.0,20188.0,1.0,84820225,118507.69697206792
112,Toronto Raptors,2015,37.9,83.3,0.455,8.9,25.1,0.352,29.0,58.2,0.499,19.3,24.6,0.787,10.7,30.8,41.5,20.7,7.5,4.4,12.9,20.9,104.0,26.1,49.0,3.07,-0.62,2.45,111.0,107.7,3.3,92.8,0.295,0.302,0.553,0.508,12.0,25.6,0.232,0.506,13.4,73.3,0.208,809824.0,19752.0,0.0,81317963,113614.46538947322
113,Houston Rockets,2015,37.0,83.3,0.444,11.4,32.7,0.348,25.6,50.6,0.506,18.6,26.0,0.715,11.7,32.0,43.7,22.2,9.5,5.0,16.7,22.0,103.9,27.6,56.0,3.44,0.38,3.82,107.0,103.4,3.6,96.5,0.312,0.392,0.548,0.512,15.0,26.8,0.223,0.486,14.6,72.9,0.208,747412.0,18230.0,9.0,76849302,107371.01668771726
114,San Antonio Spurs,2015,39.1,83.6,0.468,8.3,22.5,0.367,30.9,61.1,0.505,16.7,21.4,0.78,9.8,33.8,43.6,24.4,8.0,5.4,14.0,19.1,103.2,29.8,55.0,6.2,0.14,6.34,108.5,102.0,6.5,93.8,0.256,0.269,0.555,0.517,13.1,23.4,0.2,0.484,13.3,77.3,0.19,762855.0,18606.0,3.0,70770209,98877.53165971811
115,Cleveland Cavaliers,2015,37.7,82.2,0.458,10.1,27.5,0.367,27.6,54.7,0.504,17.7,23.6,0.751,11.1,31.9,43.0,22.1,7.4,4.1,14.3,18.4,103.1,26.9,53.0,4.48,-0.4,4.08,111.1,106.3,4.8,92.3,0.287,0.334,0.557,0.52,13.4,26.8,0.216,0.502,12.6,74.7,0.177,843042.0,20562.0,14.0,82592827,115395.65845507281
116,Portland Trail Blazers,2015,38.7,86.0,0.45,9.8,27.2,0.362,28.9,58.8,0.491,15.5,19.4,0.801,10.7,35.1,45.9,21.9,6.4,4.5,13.6,18.2,102.8,27.0,51.0,4.23,0.18,4.41,108.2,103.7,4.5,94.2,0.225,0.316,0.544,0.508,12.6,24.2,0.18,0.476,11.3,76.2,0.182,798368.0,19472.0,1.0,69936842,97713.18195535784
117,Atlanta Hawks,2015,38.1,81.7,0.466,10.0,26.2,0.38,28.1,55.5,0.506,16.5,21.2,0.778,8.7,31.8,40.6,25.7,9.1,4.6,14.2,17.8,102.5,27.8,60.0,5.43,-0.68,4.75,108.9,103.1,5.8,93.9,0.259,0.321,0.563,0.527,13.5,21.4,0.201,0.492,14.9,73.4,0.185,713909.0,17412.0,8.0,58320278,81482.94622598277
118,Boston Celtics,2015,38.9,87.9,0.443,8.0,24.6,0.327,30.9,63.3,0.488,15.4,20.5,0.754,11.1,32.7,43.8,24.5,8.2,3.6,13.8,21.2,101.4,25.0,40.0,0.16,-0.56,-0.4,104.7,104.5,0.2,95.8,0.233,0.28,0.523,0.489,12.5,24.7,0.176,0.494,13.7,75.0,0.208,721350.0,17594.0,0.0,62218516,86929.42090379693
119,Chicago Bulls,2015,36.6,82.9,0.442,7.9,22.3,0.353,28.7,60.6,0.474,19.7,25.2,0.783,11.7,34.0,45.7,21.7,6.3,5.8,14.0,18.2,100.8,28.8,50.0,3.0,-0.46,2.54,107.5,104.3,3.2,92.8,0.304,0.269,0.536,0.489,12.9,27.0,0.238,0.473,11.3,74.4,0.182,886612.0,21625.0,6.0,67414682,94189.31281925179
120,Washington Wizards,2015,38.3,82.8,0.462,6.1,16.8,0.36,32.2,66.0,0.488,15.9,21.4,0.742,10.5,34.2,44.7,24.0,7.3,4.6,15.0,20.8,98.5,28.6,46.0,0.72,-0.55,0.17,103.7,103.0,0.7,93.7,0.259,0.203,0.534,0.499,14.0,24.9,0.192,0.481,12.9,77.3,0.21,747796.0,18239.0,6.0,73372974,102514.01913554719
121,Memphis Grizzlies,2015,37.8,82.5,0.458,5.2,15.2,0.339,32.6,67.3,0.485,17.6,22.8,0.773,10.4,32.1,42.6,21.7,8.5,4.2,13.3,19.1,98.3,29.6,55.0,3.24,0.38,3.62,105.7,102.2,3.5,92.0,0.276,0.184,0.531,0.489,12.6,24.7,0.214,0.492,14.5,75.3,0.183,710502.0,17329.0,6.0,75158730,105009.01170263896
122,Brooklyn Nets,2015,37.4,83.0,0.451,6.6,19.9,0.331,30.8,63.1,0.489,16.6,22.2,0.748,10.3,32.0,42.4,20.9,7.0,4.1,13.8,19.3,98.0,28.6,38.0,-2.88,-0.25,-3.13,104.4,107.4,-3.0,92.7,0.267,0.24,0.529,0.491,13.0,23.9,0.2,0.506,12.9,73.7,0.185,698529.0,17037.0,2.0,87817289,122695.08450043033
123,Milwaukee Bucks,2015,37.6,82.0,0.459,6.6,18.3,0.363,31.0,63.7,0.486,16.0,21.1,0.757,10.7,31.4,42.1,23.6,9.6,4.9,16.7,22.1,97.8,24.6,41.0,0.43,-0.52,-0.09,102.7,102.2,0.5,94.1,0.258,0.223,0.536,0.499,15.5,25.4,0.195,0.487,15.9,73.3,0.221,593910.0,14813.0,2.0,54473275,76108.05520471235
124,Los Angeles Clippers,2014,39.1,82.5,0.474,8.5,24.0,0.352,30.7,58.5,0.525,21.2,29.1,0.73,10.5,32.5,43.0,24.6,8.6,4.8,13.9,21.5,107.9,28.1,57.0,6.98,0.3,7.27,112.1,104.8,7.3,95.9,0.353,0.291,0.567,0.526,12.7,25.0,0.258,0.484,13.8,72.5,0.222,787692.0,19212.0,6.0,73049774,106029.51127573999
125,Houston Rockets,2014,38.0,80.5,0.472,9.5,26.6,0.358,28.5,54.0,0.529,22.1,31.1,0.712,11.2,34.1,45.3,21.4,7.6,5.6,16.1,20.4,107.7,25.4,54.0,4.56,0.5,5.06,111.0,106.3,4.7,96.3,0.386,0.33,0.571,0.531,14.6,27.4,0.275,0.489,12.5,74.1,0.193,743082.0,18124.0,2.0,57823063,83928.40627208955
126,Portland Trail Blazers,2014,39.1,87.0,0.45,9.4,25.3,0.372,29.7,61.7,0.481,19.1,23.5,0.815,12.5,34.0,46.4,23.2,5.5,4.7,13.7,19.2,106.7,25.8,54.0,3.99,0.45,4.44,111.5,107.4,4.1,94.9,0.27,0.29,0.548,0.504,12.4,28.0,0.22,0.488,11.0,74.7,0.194,809612.0,19747.0,5.0,61260350,88917.52315456553
127,Oklahoma City Thunder,2014,39.0,82.7,0.471,8.1,22.4,0.361,30.9,60.3,0.512,20.2,25.0,0.806,10.8,33.9,44.7,21.9,8.3,6.1,15.3,22.7,106.2,26.2,59.0,6.34,0.32,6.66,110.5,103.9,6.6,95.4,0.303,0.271,0.566,0.52,14.0,26.5,0.244,0.488,13.9,75.6,0.221,746323.0,18203.0,10.0,71653401,104002.71860217692
128,San Antonio Spurs,2014,40.6,83.5,0.486,8.5,21.4,0.397,32.0,62.0,0.517,15.7,20.0,0.785,9.3,34.0,43.3,25.2,7.4,5.1,14.4,18.2,105.4,28.9,62.0,7.72,0.28,8.0,110.5,102.4,8.1,95.0,0.24,0.257,0.571,0.537,13.5,22.7,0.188,0.482,12.8,76.4,0.184,755031.0,18415.0,16.0,63115911,91610.81315669918
129,Dallas Mavericks,2014,39.6,83.6,0.474,8.8,22.9,0.384,30.8,60.7,0.508,16.8,21.1,0.795,10.2,30.7,40.9,23.6,8.6,4.3,13.5,20.0,104.8,30.6,49.0,2.4,0.5,2.91,111.2,108.7,2.5,93.5,0.253,0.274,0.564,0.526,12.7,24.6,0.201,0.515,14.8,72.7,0.229,817982.0,19951.0,3.0,75012158,108877.85159306023
130,Golden State Warriors,2014,39.5,85.4,0.462,9.4,24.8,0.38,30.0,60.6,0.496,15.9,21.1,0.753,10.9,34.4,45.3,23.3,7.8,5.0,15.2,21.8,104.3,26.3,51.0,4.8,0.34,5.15,107.5,102.6,4.9,96.2,0.247,0.291,0.55,0.517,13.8,25.1,0.186,0.477,13.6,76.3,0.224,803436.0,19596.0,3.0,72503122,105236.06262800145
131,Miami Heat,2014,38.3,76.5,0.501,8.1,22.3,0.364,30.2,54.2,0.558,17.5,23.0,0.76,7.6,29.2,36.9,22.5,8.9,4.5,14.8,19.5,102.2,30.6,54.0,4.76,-0.61,4.15,110.9,105.8,5.1,91.2,0.3,0.292,0.59,0.554,14.6,20.6,0.228,0.511,15.8,73.0,0.212,811036.0,19781.0,13.0,80841617,117339.13292121279
132,Toronto Raptors,2014,36.5,81.9,0.445,8.7,23.4,0.372,27.8,58.5,0.475,19.6,25.1,0.782,11.4,31.1,42.5,21.2,7.0,4.2,14.1,23.0,101.3,25.6,48.0,3.24,-0.69,2.55,108.8,105.3,3.5,91.8,0.306,0.285,0.545,0.498,13.2,27.2,0.239,0.493,14.1,74.9,0.237,748339.0,18252.0,3.0,71561643,103869.53467342665
133,Atlanta Hawks,2014,37.3,81.6,0.458,9.4,25.8,0.363,28.0,55.8,0.502,17.0,21.7,0.781,8.7,31.3,40.0,24.9,8.3,4.0,15.3,19.2,101.0,27.5,38.0,-0.48,-0.4,-0.88,105.9,106.4,-0.5,94.6,0.266,0.316,0.554,0.515,14.3,21.0,0.208,0.51,14.0,74.4,0.196,587927.0,14231.0,3.0,58998677,85634.77401347255
134,Washington Wizards,2014,38.7,84.4,0.459,7.9,20.8,0.38,30.9,63.6,0.485,15.3,20.9,0.731,10.8,31.4,42.2,23.3,8.1,4.6,14.7,20.4,100.7,26.3,44.0,1.27,-0.79,0.48,106.0,104.6,1.4,93.2,0.248,0.246,0.538,0.506,13.6,25.2,0.181,0.504,15.0,75.7,0.22,698068.0,17026.0,6.0,64698822,93908.36002827462
135,Brooklyn Nets,2014,35.7,77.9,0.459,8.6,23.4,0.369,27.1,54.5,0.497,18.4,24.4,0.753,8.8,29.4,38.1,20.9,8.6,3.8,14.5,21.7,98.5,30.0,44.0,-1.0,-0.58,-1.58,106.7,107.7,-1.0,91.4,0.313,0.301,0.555,0.514,14.1,21.7,0.236,0.509,14.9,72.3,0.236,707331.0,17252.0,5.0,102589967,148906.19733887602
136,Indiana Pacers,2014,36.0,80.2,0.449,6.7,18.8,0.357,29.3,61.4,0.477,18.1,23.3,0.779,10.2,34.5,44.7,20.1,6.7,5.4,15.1,20.4,96.7,27.2,56.0,4.4,-0.77,3.63,104.1,99.3,4.8,92.5,0.29,0.235,0.535,0.49,14.3,24.9,0.226,0.46,12.9,76.8,0.197,717542.0,17501.0,10.0,67182414,97513.21780604596
137,Memphis Grizzlies,2014,38.1,82.0,0.464,4.9,14.0,0.353,33.1,68.0,0.487,15.1,20.3,0.741,11.6,30.8,42.4,21.9,7.7,4.6,13.7,19.1,96.1,28.5,50.0,1.57,0.61,2.18,106.3,104.6,1.7,89.9,0.248,0.171,0.529,0.494,13.1,28.3,0.184,0.497,13.8,75.7,0.199,685458.0,16718.0,3.0,71992885,104495.46923828337
138,Chicago Bulls,2014,34.7,80.2,0.432,6.2,17.8,0.348,28.5,62.4,0.456,18.1,23.3,0.779,11.4,32.7,44.1,22.7,7.2,5.2,14.9,19.1,93.7,28.6,48.0,1.85,-0.66,1.2,102.5,100.5,2.0,90.2,0.29,0.222,0.518,0.471,14.2,27.2,0.226,0.471,13.7,75.4,0.189,890370.0,21716.0,1.0,73336893,106446.25571697508
139,Denver Nuggets,2013,40.7,85.2,0.478,6.4,18.5,0.343,34.4,66.6,0.516,18.4,26.2,0.701,13.3,31.7,45.0,24.4,9.3,6.5,15.3,20.5,106.1,26.1,57.0,5.09,0.28,5.37,110.4,105.1,5.3,95.1,0.308,0.217,0.549,0.515,13.6,31.4,0.216,0.493,14.3,71.8,0.193,730616.0,17820.0,2.0,63444254,106166.14959320206
140,Houston Rockets,2013,38.1,82.7,0.461,10.6,28.9,0.366,27.5,53.8,0.511,19.2,25.5,0.754,11.1,32.3,43.4,23.2,8.3,4.4,16.4,20.3,106.0,24.4,45.0,3.48,0.22,3.69,109.7,106.1,3.6,96.1,0.308,0.349,0.564,0.525,14.9,26.4,0.232,0.502,13.5,75.2,0.196,683564.0,16672.0,2.0,48048265,80402.85712373283
141,Oklahoma City Thunder,2013,38.1,79.3,0.481,7.3,19.4,0.377,30.8,60.0,0.514,22.2,26.8,0.828,10.4,33.2,43.6,21.4,8.3,7.6,15.3,20.2,105.7,26.0,60.0,9.21,-0.06,9.15,112.4,102.6,9.8,93.3,0.338,0.244,0.58,0.527,14.4,26.7,0.28,0.469,13.5,73.4,0.197,746323.0,18203.0,5.0,68924100,115335.99734937097
142,San Antonio Spurs,2013,39.1,81.4,0.481,8.1,21.5,0.376,31.1,59.9,0.519,16.6,21.0,0.791,8.1,33.2,41.3,25.1,8.5,5.4,14.7,17.4,103.0,28.6,58.0,6.4,0.27,6.67,108.3,101.6,6.7,94.2,0.258,0.264,0.568,0.531,14.0,20.5,0.204,0.48,13.7,74.9,0.179,755700.0,18432.0,15.0,69838600,116866.30053179918
143,Miami Heat,2013,38.4,77.4,0.496,8.7,22.1,0.396,29.6,55.4,0.536,17.4,23.0,0.754,8.2,30.4,38.6,23.0,8.7,5.4,13.9,18.7,102.9,30.3,66.0,7.87,-0.84,7.03,112.3,103.7,8.6,90.7,0.297,0.285,0.588,0.552,13.7,22.2,0.224,0.487,14.8,73.0,0.2,819290.0,19983.0,16.0,80427933,134586.24584584183
144,Los Angeles Lakers,2013,37.1,81.0,0.458,8.7,24.6,0.355,28.4,56.4,0.503,19.3,27.9,0.692,11.5,33.3,44.8,22.2,7.0,5.2,15.0,17.9,102.2,30.7,45.0,1.16,0.32,1.48,107.8,106.6,1.2,94.4,0.345,0.303,0.548,0.512,13.9,27.0,0.239,0.496,11.9,74.3,0.163,778877.0,18997.0,0.0,100131988,167558.55647814402
145,Golden State Warriors,2013,38.2,83.4,0.458,8.0,19.9,0.403,30.1,63.5,0.475,16.8,21.3,0.79,10.8,34.2,45.0,22.5,6.9,4.2,15.1,21.4,101.2,25.3,47.0,0.89,0.42,1.32,106.4,105.5,0.9,94.5,0.255,0.239,0.545,0.506,14.0,25.4,0.201,0.486,12.4,75.5,0.211,794320.0,19374.0,6.0,70036985,117198.27340970625
146,Los Angeles Clippers,2013,38.5,80.6,0.478,7.6,21.4,0.358,30.9,59.2,0.522,16.4,23.0,0.711,11.4,30.2,41.6,23.9,9.6,5.6,14.6,20.9,101.1,28.8,56.0,6.45,-0.02,6.43,110.6,103.6,7.0,91.1,0.286,0.265,0.557,0.526,13.9,28.8,0.203,0.492,15.4,73.5,0.229,788293.0,19227.0,2.0,69152721,115718.56645147038
147,New York Knicks,2013,36.5,81.6,0.448,10.9,28.9,0.376,25.7,52.7,0.487,16.0,21.1,0.759,10.9,29.7,40.6,19.3,8.2,3.6,12.0,20.1,100.0,30.2,54.0,4.23,-0.5,3.73,111.1,106.3,4.8,89.8,0.258,0.354,0.55,0.515,11.7,25.6,0.196,0.508,14.8,74.7,0.216,780353.0,19033.0,6.0,79977119,133831.86410840804
148,Milwaukee Bucks,2013,38.1,87.8,0.435,7.3,20.4,0.36,30.8,67.4,0.457,15.3,20.7,0.736,13.0,30.9,44.0,22.9,8.4,6.7,14.1,19.0,98.9,26.4,38.0,-1.5,-0.33,-1.83,103.6,105.2,-1.6,94.7,0.236,0.232,0.51,0.476,12.7,27.9,0.174,0.492,14.4,71.3,0.201,616469.0,15036.0,0.0,62410041,104435.52144097831
149,Atlanta Hawks,2013,37.6,81.0,0.464,8.6,23.2,0.371,29.0,57.8,0.501,14.1,19.7,0.715,9.2,31.6,40.9,24.5,8.1,4.5,14.9,18.0,98.0,27.1,44.0,0.4,-0.48,-0.08,104.8,104.4,0.4,92.6,0.244,0.286,0.546,0.517,14.2,22.2,0.174,0.496,14.2,73.6,0.181,620146.0,15126.0,2.0,66710178,111631.2713983072
150,Brooklyn Nets,2013,35.9,79.8,0.45,7.7,21.5,0.357,28.2,58.3,0.484,17.5,23.9,0.731,12.8,30.0,42.8,20.3,7.3,4.8,14.7,18.3,96.9,28.6,49.0,1.78,-0.53,1.25,108.2,106.2,2.0,88.8,0.299,0.269,0.536,0.498,14.0,30.9,0.219,0.503,13.1,73.7,0.174,704702.0,17188.0,3.0,87644649,146662.53175232682
151,Boston Celtics,2013,37.0,79.7,0.465,6.1,17.2,0.358,30.9,62.6,0.494,16.3,21.0,0.776,8.1,31.3,39.3,22.8,8.2,4.5,14.6,21.2,96.5,29.1,41.0,-0.22,-0.4,-0.62,103.1,103.3,-0.2,91.7,0.263,0.215,0.542,0.503,14.1,20.1,0.204,0.482,14.2,73.3,0.216,744960.0,18624.0,2.0,75508399,126354.01125178632
152,Indiana Pacers,2013,35.1,80.6,0.436,6.9,19.7,0.347,28.3,60.8,0.465,17.6,23.6,0.746,12.9,33.0,45.9,20.3,7.2,6.3,15.1,20.0,94.7,25.7,49.0,4.02,-0.69,3.34,104.3,99.8,4.5,90.2,0.293,0.245,0.521,0.479,14.3,30.3,0.219,0.453,12.9,74.6,0.197,626069.0,15270.0,11.0,66107195,110622.25357014962
153,Memphis Grizzlies,2013,36.1,81.5,0.444,4.7,13.5,0.345,31.5,68.0,0.463,16.5,21.3,0.773,12.9,29.8,42.7,20.9,8.6,5.3,14.0,20.2,93.4,27.0,56.0,4.15,0.18,4.32,104.9,100.3,4.6,88.4,0.261,0.166,0.514,0.472,13.3,31.0,0.202,0.475,15.2,74.3,0.209,681613.0,16625.0,8.0,63054115,105513.29999966531
154,Chicago Bulls,2013,35.7,81.7,0.437,5.4,15.4,0.353,30.2,66.3,0.456,16.4,21.2,0.773,12.5,30.7,43.2,23.0,7.2,5.1,14.3,19.7,93.2,28.0,45.0,0.32,-0.33,-0.02,103.5,103.2,0.3,89.3,0.259,0.189,0.512,0.47,13.6,29.4,0.201,0.477,13.2,73.6,0.206,896944.0,21877.0,5.0,74491280,124651.98780442908
